Date,Price,Open,High,Low,Vol.,Change %,Close,High-Low,Open-Close
12/31/2021,4766.18,4775.21,4786.83,4765.75,,-0.26%,4794.23,21.079999999999927,-19.019999999999527
12/30/2021,4778.73,4794.23,4808.93,4775.33,,-0.30%,4788.64,33.600000000000364,5.589999999999236
12/29/2021,4793.06,4788.64,4804.06,4778.08,,0.14%,4795.49,25.980000000000473,-6.849999999999454
12/28/2021,4786.36,4795.49,4807.02,4780.04,,-0.10%,4733.99,26.980000000000473,61.5
12/27/2021,4791.19,4733.99,4791.49,4733.99,,1.38%,4703.96,57.5,30.029999999999745
12/23/2021,4725.78,4703.96,4740.74,4703.96,,0.62%,4650.36,36.779999999999745,53.600000000000364
12/22/2021,4696.56,4650.36,4697.67,4645.53,,1.02%,4594.96,52.14000000000033,55.399999999999636
12/21/2021,4649.23,4594.96,4651.14,4583.16,,1.78%,4587.9,67.98000000000047,7.0600000000004
12/20/2021,4568.02,4587.9,4587.9,4531.1,,-1.14%,4652.5,56.79999999999927,-64.60000000000036
12/17/2021,4620.64,4652.5,4666.7,4600.22,,-1.03%,4719.13,66.47999999999956,-66.63000000000011
12/16/2021,4668.67,4719.13,4731.99,4651.89,,-0.87%,4636.46,80.09999999999945,82.67000000000007
12/15/2021,4709.84,4636.46,4712.6,4611.22,,1.63%,4642.99,101.38000000000011,-6.529999999999745
12/14/2021,4634.09,4642.99,4660.47,4606.52,,-0.75%,4710.3,53.94999999999982,-67.3100000000004
12/13/2021,4669.15,4710.3,4710.3,4667.6,,-0.91%,4687.64,42.69999999999982,22.659999999999854
12/10/2021,4712.02,4687.64,4713.57,4670.24,,0.95%,4691.0,43.32999999999993,-3.3599999999996726
12/09/2021,4667.45,4691.0,4695.26,4665.98,,-0.72%,4690.86,29.280000000000655,0.14000000000032742
12/08/2021,4701.21,4690.86,4705.06,4674.52,,0.31%,4631.97,30.539999999999964,58.88999999999942
12/07/2021,4686.75,4631.97,4694.04,4631.97,,2.07%,4548.37,62.06999999999971,83.60000000000036
12/06/2021,4591.67,4548.37,4612.6,4540.51,,1.17%,4589.49,72.09000000000015,-41.11999999999989
12/03/2021,4538.43,4589.49,4608.03,4495.12,,-0.84%,4504.73,112.90999999999985,84.76000000000022
12/02/2021,4577.1,4504.73,4595.46,4504.73,,1.42%,4602.82,90.73000000000047,-98.09000000000015
12/01/2021,4513.04,4602.82,4652.94,4510.27,,-1.18%,4640.25,142.66999999999916,-37.43000000000029
11/30/2021,4567.0,4640.25,4646.02,4560.0,,-1.90%,4628.75,86.02000000000044,11.5
11/29/2021,4655.27,4628.75,4672.95,4625.26,,1.32%,4664.63,47.6899999999996,-35.88000000000011
11/26/2021,4594.62,4664.63,4664.63,4585.43,,-2.27%,4675.78,79.19999999999982,-11.149999999999636
11/24/2021,4701.46,4675.78,4702.87,4659.89,,0.23%,4678.48,42.97999999999956,-2.699999999999818
11/23/2021,4690.7,4678.48,4699.39,4652.66,,0.17%,4712.0,46.73000000000047,-33.52000000000044
11/22/2021,4682.95,4712.0,4743.83,4682.17,,-0.32%,4708.44,61.659999999999854,3.5600000000004
11/19/2021,4697.96,4708.44,4717.75,4694.22,,-0.18%,4700.72,23.529999999999745,7.719999999999345
11/18/2021,4706.64,4700.72,4708.75,4672.78,,0.38%,4701.5,35.970000000000255,-0.7799999999997453
11/17/2021,4688.67,4701.5,4701.5,4684.41,,-0.26%,4679.42,17.090000000000146,22.079999999999927
11/16/2021,4700.9,4679.42,4714.95,4679.42,,0.39%,4689.3,35.529999999999745,-9.88000000000011
11/15/2021,4682.81,4689.3,4697.42,4672.86,,0.00%,4655.24,24.5600000000004,34.0600000000004
11/12/2021,4682.85,4655.24,4688.47,4650.77,,0.72%,4659.39,37.69999999999982,-4.150000000000546
11/11/2021,4649.27,4659.39,4664.55,4648.31,,0.06%,4670.26,16.23999999999978,-10.86999999999989
11/10/2021,4646.71,4670.26,4684.85,4630.86,,-0.82%,4707.25,53.99000000000069,-36.98999999999978
11/09/2021,4685.25,4707.25,4708.53,4670.87,,-0.35%,4701.48,37.659999999999854,5.770000000000437
11/08/2021,4701.7,4701.48,4714.92,4694.39,,0.09%,4699.26,20.529999999999745,2.219999999999345
11/05/2021,4697.53,4699.26,4718.5,4681.32,,0.37%,4662.93,37.18000000000029,36.32999999999993
11/04/2021,4680.06,4662.93,4683.0,4662.59,,0.42%,4630.65,20.409999999999854,32.280000000000655
11/03/2021,4660.57,4630.65,4663.46,4621.19,,0.65%,4613.34,42.27000000000044,17.30999999999949
11/02/2021,4630.65,4613.34,4635.15,4613.34,,0.37%,4610.62,21.80999999999949,2.7200000000002547
11/01/2021,4613.67,4610.62,4620.34,4595.06,,0.18%,4572.87,25.279999999999745,37.75
10/29/2021,4605.38,4572.87,4608.08,4567.59,,0.19%,4562.84,40.48999999999978,10.029999999999745
10/28/2021,4596.42,4562.84,4597.55,4562.84,,0.98%,4580.22,34.710000000000036,-17.38000000000011
10/27/2021,4551.68,4580.22,4584.57,4551.66,,-0.51%,4578.69,32.909999999999854,1.5300000000006548
10/26/2021,4574.79,4578.69,4598.53,4569.17,,0.18%,4553.69,29.359999999999673,25.0
10/25/2021,4566.48,4553.69,4572.62,4537.36,,0.47%,4546.12,35.26000000000022,7.569999999999709
10/22/2021,4544.9,4546.12,4559.67,4524.0,,-0.11%,4532.24,35.67000000000007,13.88000000000011
10/21/2021,4549.78,4532.24,4551.44,4526.89,,0.30%,4524.42,24.549999999999272,7.819999999999709
10/20/2021,4536.19,4524.42,4540.87,4524.4,,0.37%,4497.34,16.470000000000255,27.079999999999927
10/19/2021,4519.63,4497.34,4520.4,4496.41,,0.74%,4463.72,23.98999999999978,33.61999999999989
10/18/2021,4486.48,4463.72,4488.75,4447.47,,0.34%,4447.69,41.279999999999745,16.030000000000655
10/15/2021,4471.37,4447.69,4475.82,4447.69,,0.75%,4386.75,28.13000000000011,60.9399999999996
10/14/2021,4438.23,4386.75,4439.73,4386.75,,1.71%,4358.01,52.97999999999956,28.73999999999978
10/13/2021,4363.8,4358.01,4372.87,4329.92,,0.30%,4368.31,42.94999999999982,-10.300000000000182
10/12/2021,4350.64,4368.31,4374.89,4342.09,,-0.24%,4385.44,32.80000000000018,-17.1299999999992
10/11/2021,4361.19,4385.44,4415.88,4360.59,,-0.69%,4406.51,55.289999999999964,-21.07000000000062
10/08/2021,4391.36,4406.51,4412.02,4386.22,,-0.19%,4383.73,25.800000000000182,22.780000000000655
10/07/2021,4399.76,4383.73,4429.97,4383.73,,0.83%,4319.57,46.24000000000069,64.15999999999985
10/06/2021,4363.55,4319.57,4365.57,4290.49,,0.41%,4309.87,75.07999999999993,9.699999999999818
10/05/2021,4345.72,4309.87,4369.23,4309.87,,1.05%,4348.84,59.35999999999967,-38.970000000000255
10/04/2021,4300.46,4348.84,4355.51,4278.94,,-1.30%,4317.16,76.57000000000062,31.68000000000029
10/01/2021,4357.05,4317.16,4375.19,4288.52,,1.15%,4370.67,86.66999999999916,-53.51000000000022
09/30/2021,4307.54,4370.67,4382.55,4306.24,,-1.19%,4362.41,76.3100000000004,8.260000000000218
09/29/2021,4359.46,4362.41,4385.57,4355.08,,0.16%,4419.54,30.48999999999978,-57.13000000000011
09/28/2021,4352.63,4419.54,4419.54,4346.33,,-2.04%,4442.12,73.21000000000004,-22.579999999999927
09/27/2021,4443.11,4442.12,4457.3,4436.19,,-0.28%,4438.04,21.110000000000582,4.079999999999927
09/24/2021,4455.48,4438.04,4463.12,4430.27,,0.15%,4406.75,32.849999999999454,31.289999999999964
09/23/2021,4448.98,4406.75,4465.4,4406.75,,1.21%,4367.43,58.649999999999636,39.31999999999971
09/22/2021,4395.64,4367.43,4416.75,4367.43,,0.95%,4374.45,49.31999999999971,-7.019999999999527
09/21/2021,4354.18,4374.45,4394.87,4347.96,,-0.08%,4402.95,46.909999999999854,-28.5
09/20/2021,4357.73,4402.95,4402.95,4305.91,,-1.70%,4469.74,97.03999999999996,-66.78999999999996
09/17/2021,4432.99,4469.74,4471.52,4427.76,,-0.91%,4477.09,43.76000000000022,-7.350000000000364
09/16/2021,4473.76,4477.09,4485.87,4443.8,,-0.15%,4447.49,42.06999999999971,29.600000000000364
09/15/2021,4480.7,4447.49,4486.87,4438.37,,0.85%,4479.33,48.5,-31.840000000000146
09/14/2021,4443.05,4479.33,4485.68,4435.46,,-0.57%,4474.81,50.220000000000255,4.519999999999527
09/13/2021,4468.73,4474.81,4492.99,4445.7,,0.23%,4506.92,47.289999999999964,-32.10999999999967
09/10/2021,4458.58,4506.92,4520.47,4457.66,,-0.77%,4513.02,62.8100000000004,-6.100000000000364
09/09/2021,4493.28,4513.02,4529.9,4492.07,,-0.46%,4518.09,37.82999999999993,-5.069999999999709
09/08/2021,4514.07,4518.09,4521.79,4493.95,,-0.13%,4535.38,27.840000000000146,-17.289999999999964
09/07/2021,4520.03,4535.38,4535.38,4513.0,,-0.34%,4532.42,22.38000000000011,2.9600000000000364
09/03/2021,4535.43,4532.42,4541.45,4521.3,,-0.03%,4534.48,20.149999999999636,-2.0599999999994907
09/02/2021,4536.95,4534.48,4545.85,4524.66,,0.28%,4528.8,21.19000000000051,5.6799999999993815
09/01/2021,4524.09,4528.8,4537.11,4522.02,,0.03%,4529.75,15.089999999999236,-0.9499999999998181
08/31/2021,4522.68,4529.75,4531.39,4515.8,,-0.13%,4513.76,15.590000000000146,15.989999999999782
08/30/2021,4528.79,4513.76,4537.36,4513.76,,0.43%,4474.1,23.599999999999454,39.659999999999854
08/27/2021,4509.37,4474.1,4513.33,4474.1,,0.88%,4493.75,39.22999999999956,-19.649999999999636
08/26/2021,4469.91,4493.75,4495.9,4468.99,,-0.58%,4490.45,26.909999999999854,3.300000000000182
08/25/2021,4496.19,4490.45,4501.71,4485.66,,0.22%,4484.4,16.050000000000182,6.050000000000182
08/24/2021,4486.23,4484.4,4492.81,4482.28,,0.15%,4450.29,10.530000000000655,34.10999999999967
08/23/2021,4479.54,4450.29,4489.88,4450.29,,0.85%,4410.56,39.590000000000146,39.72999999999956
08/20/2021,4441.67,4410.56,4444.35,4406.8,,0.81%,4382.44,37.55000000000018,28.1200000000008
08/19/2021,4405.8,4382.44,4418.61,4367.73,,0.13%,4440.94,50.88000000000011,-58.5
08/18/2021,4400.27,4440.94,4454.32,4397.59,,-1.07%,4462.12,56.72999999999956,-21.18000000000029
08/17/2021,4448.08,4462.12,4462.12,4417.83,,-0.70%,4461.65,44.289999999999964,0.47000000000025466
08/16/2021,4479.66,4461.65,4480.26,4437.66,,0.26%,4464.84,42.600000000000364,-3.1900000000005093
08/13/2021,4468.0,4464.84,4468.37,4460.82,,0.16%,4446.08,7.550000000000182,18.76000000000022
08/12/2021,4460.84,4446.08,4461.77,4435.96,,0.30%,4442.18,25.8100000000004,3.899999999999636
08/11/2021,4447.7,4442.18,4449.44,4436.42,,0.25%,4435.79,13.019999999999527,6.390000000000327
08/10/2021,4436.75,4435.79,4445.21,4430.03,,0.10%,4437.77,15.180000000000291,-1.980000000000473
08/09/2021,4432.35,4437.77,4439.39,4424.74,,-0.09%,4429.07,14.650000000000546,8.700000000000728
08/06/2021,4436.52,4429.07,4440.82,4429.07,,0.17%,4408.86,11.75,20.210000000000036
08/05/2021,4429.1,4408.86,4429.76,4408.86,,0.60%,4415.95,20.900000000000546,-7.0900000000001455
08/04/2021,4402.68,4415.95,4416.17,4400.23,,-0.46%,4392.74,15.94000000000051,23.210000000000036
08/03/2021,4423.15,4392.74,4423.79,4373.0,,0.82%,4406.86,50.789999999999964,-14.11999999999989
08/02/2021,4387.11,4406.86,4422.18,4384.81,,-0.19%,4395.12,37.36999999999989,11.739999999999782
07/30/2021,4395.26,4395.12,4412.25,4389.65,,-0.54%,4403.59,22.600000000000364,-8.470000000000255
07/29/2021,4419.15,4403.59,4429.97,4403.59,,0.42%,4402.95,26.38000000000011,0.6400000000003274
07/28/2021,4400.65,4402.95,4415.47,4387.01,,-0.02%,4416.38,28.460000000000036,-13.430000000000291
07/27/2021,4401.46,4416.38,4416.38,4372.51,,-0.47%,4409.58,43.86999999999989,6.800000000000182
07/26/2021,4422.23,4409.58,4422.73,4405.45,,0.24%,4381.2,17.279999999999745,28.38000000000011
07/23/2021,4411.8,4381.2,4415.18,4381.2,,1.01%,4361.27,33.98000000000047,19.92999999999938
07/22/2021,4367.48,4361.27,4369.31,4350.06,,0.20%,4331.13,19.25,30.140000000000327
07/21/2021,4358.69,4331.13,4359.7,4331.13,,0.82%,4265.11,28.56999999999971,66.02000000000044
07/20/2021,4323.21,4265.11,4336.84,4262.05,,1.52%,4296.4,74.78999999999996,-31.289999999999964
07/19/2021,4258.63,4296.4,4296.4,4233.13,,-1.58%,4367.43,63.26999999999953,-71.03000000000065
07/16/2021,4327.16,4367.43,4375.09,4322.53,,-0.75%,4369.02,52.5600000000004,-1.5900000000001455
07/15/2021,4360.03,4369.02,4369.02,4340.7,,-0.33%,4380.11,28.32000000000062,-11.089999999999236
07/14/2021,4374.3,4380.11,4393.68,4362.36,,0.12%,4381.07,31.32000000000062,-0.9600000000000364
07/13/2021,4369.21,4381.07,4392.37,4366.92,,-0.35%,4372.41,25.449999999999818,8.659999999999854
07/12/2021,4384.63,4372.41,4386.68,4364.03,,0.35%,4329.38,22.650000000000546,43.029999999999745
07/09/2021,4369.55,4329.38,4371.6,4329.38,,1.13%,4321.07,42.220000000000255,8.3100000000004
07/08/2021,4320.82,4321.07,4330.88,4289.37,,-0.86%,4351.01,41.51000000000022,-29.94000000000051
07/07/2021,4358.13,4351.01,4361.88,4329.79,,0.34%,4356.46,32.090000000000146,-5.449999999999818
07/06/2021,4343.54,4356.46,4356.46,4314.37,,-0.20%,4326.6,42.090000000000146,29.859999999999673
07/02/2021,4352.34,4326.6,4355.43,4326.6,,0.75%,4300.73,28.829999999999927,25.8700000000008
07/01/2021,4319.94,4300.73,4320.66,4300.73,,0.52%,4290.65,19.93000000000029,10.079999999999927
06/30/2021,4297.5,4290.65,4302.43,4287.96,,0.13%,4293.21,14.470000000000255,-2.5600000000004
06/29/2021,4291.8,4293.21,4300.52,4287.04,,0.03%,4284.9,13.480000000000473,8.3100000000004
06/28/2021,4290.61,4284.9,4292.14,4274.67,,0.23%,4274.45,17.470000000000255,10.449999999999818
06/25/2021,4280.7,4274.45,4286.12,4271.16,,0.33%,4256.97,14.960000000000036,17.479999999999563
06/24/2021,4266.49,4256.97,4271.28,4256.97,,0.58%,4249.27,14.30999999999949,7.699999999999818
06/23/2021,4241.84,4249.27,4256.6,4241.43,,-0.11%,4224.61,15.170000000000073,24.660000000000764
06/22/2021,4246.44,4224.61,4255.84,4217.27,,0.51%,4173.4,38.56999999999971,51.210000000000036
06/21/2021,4224.79,4173.4,4226.24,4173.4,,1.40%,4204.78,52.840000000000146,-31.38000000000011
06/18/2021,4166.45,4204.78,4204.78,4164.4,,-1.31%,4220.37,40.38000000000011,-15.590000000000146
06/17/2021,4221.86,4220.37,4232.29,4196.05,,-0.04%,4248.87,36.23999999999978,-28.5
06/16/2021,4223.7,4248.87,4251.89,4202.45,,-0.54%,4255.28,49.44000000000051,-6.4099999999998545
06/15/2021,4246.59,4255.28,4257.16,4238.35,,-0.20%,4248.31,18.80999999999949,6.969999999999345
06/14/2021,4255.15,4248.31,4255.59,4234.07,,0.18%,4242.9,21.520000000000437,5.410000000000764
06/11/2021,4247.44,4242.9,4248.38,4232.25,,0.19%,4228.56,16.13000000000011,14.339999999999236
06/10/2021,4239.18,4228.56,4249.74,4220.34,,0.47%,4232.99,29.399999999999636,-4.4299999999993815
06/09/2021,4219.55,4232.99,4237.09,4218.74,,-0.18%,4233.81,18.350000000000364,-0.8200000000006185
06/08/2021,4227.26,4233.81,4236.74,4208.41,,0.02%,4229.34,28.329999999999927,4.470000000000255
06/07/2021,4226.52,4229.34,4232.34,4215.66,,-0.08%,4206.05,16.68000000000029,23.289999999999964
06/04/2021,4229.89,4206.05,4233.45,4206.05,,0.88%,4191.43,27.399999999999636,14.61999999999989
06/03/2021,4192.85,4191.43,4204.39,4167.93,,-0.36%,4206.82,36.460000000000036,-15.389999999999418
06/02/2021,4208.12,4206.82,4217.37,4198.27,,0.14%,4216.52,19.099999999999454,-9.700000000000728
06/01/2021,4202.04,4216.52,4234.12,4197.59,,-0.05%,4210.77,36.529999999999745,5.75
05/28/2021,4204.11,4210.77,4218.36,4203.57,,0.08%,4201.94,14.789999999999964,8.830000000000837
05/27/2021,4200.88,4201.94,4213.38,4197.78,,0.12%,4191.59,15.600000000000364,10.349999999999454
05/26/2021,4195.99,4191.59,4202.61,4184.11,,0.19%,4205.94,18.5,-14.349999999999454
05/25/2021,4188.13,4205.94,4213.42,4182.52,,-0.21%,4170.16,30.899999999999636,35.779999999999745
05/24/2021,4197.05,4170.16,4209.52,4170.16,,0.99%,4168.61,39.36000000000058,1.550000000000182
05/21/2021,4155.86,4168.61,4188.72,4151.72,,-0.08%,4121.97,37.0,46.63999999999942
05/20/2021,4159.12,4121.97,4172.8,4121.97,,1.06%,4098.45,50.82999999999993,23.520000000000437
05/19/2021,4115.68,4098.45,4116.93,4061.41,,-0.29%,4165.94,55.52000000000044,-67.48999999999978
05/18/2021,4127.83,4165.94,4169.15,4125.99,,-0.85%,4169.92,43.159999999999854,-3.980000000000473
05/17/2021,4163.29,4169.92,4171.92,4142.69,,-0.25%,4129.58,29.230000000000473,40.340000000000146
05/14/2021,4173.85,4129.58,4183.13,4129.58,,1.49%,4074.99,53.55000000000018,54.590000000000146
05/13/2021,4112.5,4074.99,4131.58,4074.99,,1.22%,4130.55,56.590000000000146,-55.5600000000004
05/12/2021,4063.04,4130.55,4134.73,4056.88,,-2.14%,4150.34,77.84999999999945,-19.789999999999964
05/11/2021,4152.1,4150.34,4162.04,4111.53,,-0.87%,4228.29,50.51000000000022,-77.94999999999982
05/10/2021,4188.43,4228.29,4236.39,4188.13,,-1.04%,4210.34,48.26000000000022,17.949999999999818
05/07/2021,4232.6,4210.34,4238.04,4201.64,,0.74%,4169.14,36.399999999999636,41.19999999999982
05/06/2021,4201.62,4169.14,4202.7,4147.33,,0.82%,4177.06,55.36999999999989,-7.920000000000073
05/05/2021,4167.59,4177.06,4187.72,4160.94,,0.07%,4179.04,26.780000000000655,-1.9799999999995634
05/04/2021,4164.66,4179.04,4179.04,4128.59,,-0.67%,4191.98,50.44999999999982,-12.9399999999996
05/03/2021,4192.66,4191.98,4209.39,4188.03,,0.27%,4198.1,21.360000000000582,-6.1200000000008
04/30/2021,4181.17,4198.1,4198.1,4174.85,,-0.72%,4206.14,23.25,-8.039999999999964
04/29/2021,4211.47,4206.14,4218.78,4176.81,,0.68%,4185.14,41.969999999999345,21.0
04/28/2021,4183.18,4185.14,4201.53,4181.78,,-0.08%,4188.25,19.75,-3.1099999999996726
04/27/2021,4186.72,4188.25,4193.35,4176.22,,-0.02%,4185.03,17.13000000000011,3.2200000000002547
04/26/2021,4187.62,4185.03,4194.19,4182.36,,0.18%,4138.78,11.829999999999927,46.25
04/23/2021,4180.17,4138.78,4194.17,4138.78,,1.09%,4170.46,55.39000000000033,-31.68000000000029
04/22/2021,4134.98,4170.46,4179.57,4123.69,,-0.92%,4128.42,55.88000000000011,42.039999999999964
04/21/2021,4173.42,4128.42,4175.02,4126.35,,0.93%,4159.18,48.67000000000007,-30.76000000000022
04/20/2021,4134.94,4159.18,4159.18,4118.38,,-0.68%,4179.8,40.80000000000018,-20.61999999999989
04/19/2021,4163.26,4179.8,4180.81,4150.47,,-0.53%,4174.14,30.340000000000146,5.6599999999998545
04/16/2021,4185.47,4174.14,4191.31,4170.75,,0.36%,4139.76,20.5600000000004,34.38000000000011
04/15/2021,4170.42,4139.76,4173.49,4139.76,,1.11%,4141.58,33.72999999999956,-1.819999999999709
04/14/2021,4124.66,4141.58,4151.69,4120.87,,-0.41%,4130.1,30.81999999999971,11.479999999999563
04/13/2021,4141.59,4130.1,4148.0,4124.43,,0.33%,4124.71,23.56999999999971,5.390000000000327
04/12/2021,4127.99,4124.71,4131.76,4114.82,,-0.02%,4096.11,16.94000000000051,28.600000000000364
04/09/2021,4128.8,4096.11,4129.48,4095.51,,0.77%,4089.95,33.969999999999345,6.1599999999998545
04/08/2021,4097.17,4089.95,4098.19,4082.54,,0.42%,4074.29,15.649999999999636,15.659999999999854
04/07/2021,4079.95,4074.29,4083.13,4068.31,,0.15%,4075.57,14.820000000000164,-1.2800000000002
04/06/2021,4073.94,4075.57,4086.23,4068.14,,-0.10%,4034.44,18.090000000000146,41.13000000000011
04/05/2021,4077.91,4034.44,4083.42,4034.44,,1.44%,3992.78,48.98000000000002,41.659999999999854
04/01/2021,4019.87,3992.78,4020.63,3992.78,,1.18%,3967.25,27.84999999999991,25.5300000000002
03/31/2021,3972.89,3967.25,3994.41,3966.98,,0.36%,3963.34,27.429999999999836,3.9099999999998545
03/30/2021,3958.55,3963.34,3968.01,3944.35,,-0.32%,3969.31,23.66000000000031,-5.9699999999998
03/29/2021,3971.09,3969.31,3981.83,3943.25,,-0.09%,3917.12,38.57999999999993,52.190000000000055
03/26/2021,3974.54,3917.12,3978.19,3917.12,,1.66%,3879.34,61.070000000000164,37.779999999999745
03/25/2021,3909.52,3879.34,3919.54,3853.5,,0.52%,3919.93,66.03999999999996,-40.58999999999969
03/24/2021,3889.14,3919.93,3942.08,3889.07,,-0.55%,3937.6,53.00999999999976,-17.670000000000073
03/23/2021,3910.52,3937.6,3949.13,3901.57,,-0.76%,3916.48,47.559999999999945,21.11999999999989
03/22/2021,3940.59,3916.48,3955.31,3914.16,,0.70%,3913.14,41.15000000000009,3.3400000000001455
03/19/2021,3913.1,3913.14,3930.12,3886.75,,-0.06%,3953.5,43.36999999999989,-40.36000000000013
03/18/2021,3915.46,3953.5,3969.62,3910.86,,-1.48%,3949.57,58.75999999999976,3.9299999999998363
03/17/2021,3974.12,3949.57,3983.87,3935.74,,0.29%,3973.59,48.13000000000011,-24.019999999999982
03/16/2021,3962.71,3973.59,3981.04,3953.44,,-0.16%,3942.96,27.59999999999991,30.63000000000011
03/15/2021,3968.94,3942.96,3970.08,3923.54,,0.65%,3924.52,46.539999999999964,18.440000000000055
03/12/2021,3943.34,3924.52,3944.99,3915.21,,0.10%,3915.54,29.779999999999745,8.980000000000018
03/11/2021,3939.34,3915.54,3960.27,3915.54,,1.04%,3891.99,44.73000000000002,23.550000000000182
03/10/2021,3898.81,3891.99,3917.35,3885.73,,0.60%,3851.93,31.61999999999989,40.059999999999945
03/09/2021,3875.44,3851.93,3903.76,3851.93,,1.42%,3844.39,51.83000000000038,7.539999999999964
03/08/2021,3821.35,3844.39,3881.06,3819.25,,-0.54%,3793.58,61.809999999999945,50.809999999999945
03/05/2021,3841.94,3793.58,3851.69,3730.19,,1.95%,3818.53,121.5,-24.950000000000273
03/04/2021,3768.47,3818.53,3843.67,3723.34,,-1.34%,3863.99,120.32999999999993,-45.45999999999958
03/03/2021,3819.72,3863.99,3874.47,3818.86,,-1.31%,3903.64,55.60999999999967,-39.65000000000009
03/02/2021,3870.29,3903.64,3906.41,3868.57,,-0.81%,3842.51,37.83999999999969,61.129999999999654
03/01/2021,3901.82,3842.51,3914.5,3842.51,,2.38%,3839.66,71.98999999999978,2.850000000000364
02/26/2021,3811.15,3839.66,3861.08,3789.54,,-0.48%,3915.8,71.53999999999996,-76.14000000000033
02/25/2021,3829.34,3915.8,3925.02,3814.04,,-2.45%,3873.71,110.98000000000002,42.090000000000146
02/24/2021,3925.43,3873.71,3928.65,3859.6,,1.14%,3857.07,69.05000000000018,16.639999999999873
02/23/2021,3881.37,3857.07,3895.98,3805.59,,0.13%,3885.55,90.38999999999987,-28.480000000000018
02/22/2021,3876.5,3885.55,3902.92,3874.71,,-0.77%,3921.16,28.210000000000036,-35.60999999999967
02/19/2021,3906.71,3921.16,3930.41,3903.07,,-0.19%,3915.86,27.33999999999969,5.299999999999727
02/18/2021,3913.97,3915.86,3921.98,3885.03,,-0.44%,3918.5,36.94999999999982,-2.6399999999998727
02/17/2021,3931.33,3918.5,3933.61,3900.43,,-0.03%,3939.61,33.18000000000029,-21.110000000000127
02/16/2021,3932.59,3939.61,3950.43,3923.85,,-0.06%,3911.65,26.579999999999927,27.960000000000036
02/12/2021,3934.83,3911.65,3937.23,3905.78,,0.47%,3916.4,31.449999999999818,-4.75
02/11/2021,3916.38,3916.4,3925.99,3890.39,,0.17%,3920.78,35.59999999999991,-4.380000000000109
02/10/2021,3909.88,3920.78,3931.5,3884.94,,-0.03%,3910.49,46.559999999999945,10.290000000000418
02/09/2021,3911.23,3910.49,3918.35,3902.64,,-0.11%,3892.59,15.710000000000036,17.899999999999636
02/08/2021,3915.59,3892.59,3915.77,3892.59,,0.74%,3878.3,23.179999999999836,14.289999999999964
02/05/2021,3886.83,3878.3,3894.56,3874.93,,0.39%,3836.66,19.63000000000011,41.64000000000033
02/04/2021,3871.74,3836.66,3872.42,3836.66,,1.09%,3840.27,35.76000000000022,-3.6100000000001273
02/03/2021,3830.17,3840.27,3847.51,3816.68,,0.10%,3791.84,30.830000000000382,48.429999999999836
02/02/2021,3826.31,3791.84,3843.09,3791.84,,1.39%,3731.17,51.25,60.67000000000007
02/01/2021,3773.86,3731.17,3784.32,3725.62,,1.61%,3778.05,58.70000000000027,-46.88000000000011
01/29/2021,3714.24,3778.05,3778.05,3694.12,,-1.93%,3755.75,83.93000000000029,22.300000000000182
01/28/2021,3787.38,3755.75,3830.5,3755.75,,0.98%,3836.83,74.75,-81.07999999999993
01/27/2021,3750.77,3836.83,3836.83,3732.48,,-2.57%,3862.96,104.34999999999991,-26.13000000000011
01/26/2021,3849.62,3862.96,3870.9,3847.78,,-0.15%,3851.68,23.11999999999989,11.2800000000002
01/25/2021,3855.36,3851.68,3859.23,3797.16,,0.36%,3844.24,62.070000000000164,7.440000000000055
01/22/2021,3841.47,3844.24,3852.31,3830.41,,-0.30%,3857.46,21.90000000000009,-13.220000000000255
01/21/2021,3853.07,3857.46,3861.45,3845.05,,0.03%,3816.22,16.399999999999636,41.24000000000024
01/20/2021,3851.85,3816.22,3859.75,3816.22,,1.39%,3781.88,43.5300000000002,34.33999999999969
01/19/2021,3798.91,3781.88,3804.53,3780.37,,0.81%,3788.73,24.16000000000031,-6.849999999999909
01/15/2021,3768.25,3788.73,3788.73,3749.62,,-0.72%,3814.98,39.11000000000013,-26.25
01/14/2021,3795.54,3814.98,3823.6,3792.86,,-0.38%,3802.23,30.73999999999978,12.75
01/13/2021,3809.84,3802.23,3820.96,3791.5,,0.23%,3801.62,29.460000000000036,0.6100000000001273
01/12/2021,3801.19,3801.62,3810.78,3776.51,,0.04%,3803.14,34.26999999999998,-1.5199999999999818
01/11/2021,3799.61,3803.14,3817.86,3789.02,,-0.66%,3815.05,28.840000000000146,-11.91000000000031
01/08/2021,3824.68,3815.05,3826.69,3783.6,,0.55%,3764.71,43.090000000000146,50.340000000000146
01/07/2021,3803.79,3764.71,3811.55,3764.71,,1.48%,3712.2,46.840000000000146,52.51000000000022
01/06/2021,3748.14,3712.2,3783.04,3705.34,,0.57%,3698.02,77.69999999999982,14.179999999999836
01/05/2021,3726.86,3698.02,3737.83,3695.07,,0.71%,3764.61,42.75999999999976,-66.59000000000015
01/04/2021,3700.65,3764.61,3769.99,3662.71,,-1.48%,3733.27,107.27999999999975,31.340000000000146
12/31/2020,3756.07,3733.27,3760.2,3726.88,,0.64%,3736.19,33.31999999999971,-2.9200000000000728
12/30/2020,3732.04,3736.19,3744.63,3730.21,,0.13%,3750.01,14.420000000000073,-13.820000000000164
12/29/2020,3727.04,3750.01,3756.12,3723.31,,-0.22%,3723.03,32.809999999999945,26.980000000000018
12/28/2020,3735.36,3723.03,3740.51,3723.03,,0.87%,3694.03,17.480000000000018,29.0
12/24/2020,3703.06,3694.03,3703.82,3689.32,,0.35%,3693.42,14.5,0.6100000000001273
12/23/2020,3690.01,3693.42,3711.24,3689.28,,0.07%,3698.08,21.95999999999958,-4.6599999999998545
12/22/2020,3687.26,3698.08,3698.26,3676.16,,-0.21%,3684.28,22.100000000000364,13.799999999999727
12/21/2020,3694.92,3684.28,3702.9,3636.48,,-0.39%,3722.39,66.42000000000007,-38.10999999999967
12/18/2020,3709.41,3722.39,3726.7,3685.84,,-0.35%,3713.65,40.85999999999967,8.739999999999782
12/17/2020,3722.48,3713.65,3725.12,3710.87,,0.58%,3696.25,14.25,17.40000000000009
12/16/2020,3701.17,3696.25,3711.27,3688.57,,0.18%,3666.41,22.699999999999818,29.840000000000146
12/15/2020,3694.62,3666.41,3695.29,3659.62,,1.29%,3675.27,35.67000000000007,-8.860000000000127
12/14/2020,3647.49,3675.27,3697.61,3645.84,,-0.44%,3656.08,51.76999999999998,19.190000000000055
12/11/2020,3663.46,3656.08,3665.91,3633.4,,-0.13%,3659.13,32.50999999999976,-3.050000000000182
12/10/2020,3668.1,3659.13,3678.49,3645.18,,-0.13%,3705.98,33.309999999999945,-46.84999999999991
12/09/2020,3672.82,3705.98,3712.39,3660.54,,-0.79%,3683.05,51.84999999999991,22.929999999999836
12/08/2020,3702.25,3683.05,3708.45,3678.83,,0.28%,3694.73,29.61999999999989,-11.679999999999836
12/07/2020,3691.96,3694.73,3697.41,3678.88,,-0.19%,3670.94,18.529999999999745,23.789999999999964
12/04/2020,3699.12,3670.94,3699.2,3670.94,,0.88%,3668.28,28.259999999999764,2.6599999999998545
12/03/2020,3666.72,3668.28,3682.73,3657.17,,-0.06%,3653.78,25.559999999999945,14.5
12/02/2020,3669.01,3653.78,3670.96,3644.84,,0.18%,3645.87,26.11999999999989,7.910000000000309
12/01/2020,3662.45,3645.87,3678.45,3645.87,,1.13%,3634.18,32.57999999999993,11.690000000000055
11/30/2020,3621.63,3634.18,3634.18,3594.39,,-0.46%,3638.55,39.789999999999964,-4.370000000000346
11/27/2020,3638.35,3638.55,3644.31,3629.33,,0.24%,3635.5,14.980000000000018,3.050000000000182
11/25/2020,3629.65,3635.5,3635.5,3617.76,,-0.16%,3594.52,17.73999999999978,40.98000000000002
11/24/2020,3635.41,3594.52,3642.31,3594.52,,1.62%,3566.82,47.789999999999964,27.699999999999818
11/23/2020,3577.59,3566.82,3589.81,3552.77,,0.56%,3579.31,37.039999999999964,-12.489999999999782
11/20/2020,3557.54,3579.31,3581.23,3556.85,,-0.68%,3559.41,24.38000000000011,19.90000000000009
11/19/2020,3581.87,3559.41,3585.22,3543.84,,0.39%,3612.09,41.379999999999654,-52.68000000000029
11/18/2020,3567.79,3612.09,3619.09,3567.33,,-1.16%,3610.31,51.76000000000022,1.7800000000002
11/17/2020,3609.53,3610.31,3623.11,3588.68,,-0.48%,3600.16,34.43000000000029,10.150000000000091
11/16/2020,3626.91,3600.16,3628.51,3600.16,,1.16%,3552.57,28.350000000000364,47.58999999999969
11/13/2020,3585.15,3552.57,3593.66,3552.57,,1.36%,3562.67,41.08999999999969,-10.099999999999909
11/12/2020,3537.01,3562.67,3569.02,3518.58,,-1.00%,3563.22,50.440000000000055,-0.5499999999997272
11/11/2020,3572.66,3563.22,3581.16,3557.0,,0.77%,3543.26,24.159999999999854,19.95999999999958
11/10/2020,3545.53,3543.26,3557.22,3511.91,,-0.14%,3583.04,45.309999999999945,-39.779999999999745
11/09/2020,3550.5,3583.04,3645.99,3547.48,,1.17%,3508.34,98.50999999999976,74.69999999999982
11/06/2020,3509.44,3508.34,3521.58,3484.34,,-0.03%,3485.74,37.23999999999978,22.600000000000364
11/05/2020,3510.45,3485.74,3529.05,3485.74,,1.95%,3406.46,43.3100000000004,79.27999999999975
11/04/2020,3443.44,3406.46,3486.25,3405.17,,2.20%,3336.25,81.07999999999993,70.21000000000004
11/03/2020,3369.16,3336.25,3389.49,3336.25,,1.78%,3296.2,53.23999999999978,40.05000000000018
11/02/2020,3310.24,3296.2,3330.14,3279.74,,1.23%,3293.59,50.40000000000009,2.6099999999996726
10/30/2020,3269.96,3293.59,3304.93,3233.94,,-1.21%,3277.17,70.98999999999978,16.420000000000073
10/29/2020,3310.11,3277.17,3341.05,3259.82,,1.19%,3342.48,81.23000000000002,-65.30999999999995
10/28/2020,3271.03,3342.48,3342.48,3268.89,,-3.53%,3403.15,73.59000000000015,-60.67000000000007
10/27/2020,3390.68,3403.15,3409.51,3388.71,,-0.30%,3441.42,20.800000000000182,-38.26999999999998
10/26/2020,3400.97,3441.42,3441.42,3364.86,,-1.86%,3464.9,76.55999999999995,-23.480000000000018
10/23/2020,3465.39,3464.9,3466.46,3440.45,,0.34%,3438.5,26.01000000000022,26.40000000000009
10/22/2020,3453.49,3438.5,3460.53,3415.34,,0.52%,3439.91,45.190000000000055,-1.4099999999998545
10/21/2020,3435.56,3439.91,3464.86,3433.06,,-0.22%,3439.38,31.800000000000182,0.5299999999997453
10/20/2020,3443.12,3439.38,3476.93,3435.65,,0.47%,3493.66,41.279999999999745,-54.279999999999745
10/19/2020,3426.92,3493.66,3502.42,3419.93,,-1.63%,3493.5,82.49000000000024,0.15999999999985448
10/16/2020,3483.81,3493.5,3515.76,3480.45,,0.01%,3453.72,35.3100000000004,39.7800000000002
10/15/2020,3483.34,3453.72,3489.08,3440.89,,-0.15%,3515.47,48.190000000000055,-61.75
10/14/2020,3488.67,3515.47,3527.94,3480.55,,-0.66%,3534.01,47.38999999999987,-18.54000000000042
10/13/2020,3511.93,3534.01,3534.01,3500.86,,-0.63%,3500.02,33.15000000000009,33.99000000000024
10/12/2020,3534.22,3500.02,3549.85,3499.61,,1.64%,3459.67,50.23999999999978,40.34999999999991
10/09/2020,3477.13,3459.67,3482.34,3458.07,,0.88%,3434.28,24.269999999999982,25.389999999999873
10/08/2020,3446.83,3434.28,3447.28,3428.15,,0.80%,3384.56,19.13000000000011,49.720000000000255
10/07/2020,3419.45,3384.56,3426.26,3384.56,,1.74%,3408.74,41.70000000000027,-24.179999999999836
10/06/2020,3360.95,3408.74,3431.56,3354.54,,-1.40%,3367.27,77.01999999999998,41.4699999999998
10/05/2020,3408.63,3367.27,3409.57,3367.27,,1.80%,3338.94,42.30000000000018,28.329999999999927
10/02/2020,3348.44,3338.94,3369.1,3323.69,,-0.96%,3385.87,45.409999999999854,-46.929999999999836
10/01/2020,3380.8,3385.87,3397.18,3361.39,,0.53%,3341.21,35.789999999999964,44.659999999999854
09/30/2020,3363.0,3341.21,3393.56,3340.47,,0.83%,3350.92,53.090000000000146,-9.710000000000036
09/29/2020,3335.47,3350.92,3357.92,3327.54,,-0.48%,3333.9,30.38000000000011,17.019999999999982
09/28/2020,3351.6,3333.9,3360.74,3332.91,,1.61%,3236.66,27.829999999999927,97.24000000000024
09/25/2020,3298.46,3236.66,3306.88,3228.44,,1.60%,3226.14,78.44000000000005,10.519999999999982
09/24/2020,3246.59,3226.14,3278.7,3209.45,,0.30%,3320.11,69.25,-93.97000000000025
09/23/2020,3236.92,3320.11,3323.35,3232.57,,-2.37%,3295.75,90.77999999999975,24.360000000000127
09/22/2020,3315.57,3295.75,3320.31,3270.95,,1.05%,3285.57,49.36000000000013,10.179999999999836
09/21/2020,3281.06,3285.57,3285.57,3229.1,,-1.16%,3357.38,56.470000000000255,-71.80999999999995
09/18/2020,3319.47,3357.38,3362.27,3292.4,,-1.12%,3346.86,69.86999999999989,10.519999999999982
09/17/2020,3357.01,3346.86,3375.17,3328.82,,-0.84%,3411.23,46.34999999999991,-64.36999999999989
09/16/2020,3385.49,3411.23,3428.92,3384.45,,-0.46%,3407.73,44.470000000000255,3.5
09/15/2020,3401.2,3407.73,3419.48,3389.25,,0.52%,3363.56,30.230000000000018,44.17000000000007
09/14/2020,3383.54,3363.56,3402.93,3363.56,,1.27%,3352.7,39.36999999999989,10.860000000000127
09/11/2020,3340.97,3352.7,3368.95,3310.47,,0.05%,3412.56,58.48000000000002,-59.86000000000013
09/10/2020,3339.19,3412.56,3425.55,3329.25,,-1.76%,3369.82,96.30000000000018,42.73999999999978
09/09/2020,3398.96,3369.82,3424.77,3366.84,,2.01%,3371.88,57.929999999999836,-2.0599999999999454
09/08/2020,3331.84,3371.88,3379.97,3329.27,,-2.78%,3453.6,50.69999999999982,-81.7199999999998
09/04/2020,3426.96,3453.6,3479.15,3349.63,,-0.81%,3564.74,129.51999999999998,-111.13999999999987
09/03/2020,3455.06,3564.74,3564.85,3427.41,,-3.51%,3543.76,137.44000000000005,20.979999999999563
09/02/2020,3580.84,3543.76,3588.11,3535.23,,1.54%,3507.44,52.88000000000011,36.320000000000164
09/01/2020,3526.65,3507.44,3528.03,3494.6,,0.75%,3509.73,33.43000000000029,-2.2899999999999636
08/31/2020,3500.31,3509.73,3514.77,3493.25,,-0.22%,3494.69,21.519999999999982,15.039999999999964
08/28/2020,3508.01,3494.69,3509.23,3484.32,,0.67%,3485.14,24.909999999999854,9.550000000000182
08/27/2020,3484.55,3485.14,3501.38,3468.35,,0.17%,3449.97,33.0300000000002,35.17000000000007
08/26/2020,3478.73,3449.97,3481.07,3444.15,,1.02%,3435.95,36.92000000000007,14.019999999999982
08/25/2020,3443.62,3435.95,3444.21,3425.84,,0.36%,3418.09,18.36999999999989,17.859999999999673
08/24/2020,3431.28,3418.09,3432.09,3413.13,,1.00%,3386.01,18.960000000000036,32.07999999999993
08/21/2020,3397.16,3386.01,3399.96,3379.31,,0.34%,3360.48,20.65000000000009,25.5300000000002
08/20/2020,3385.51,3360.48,3390.8,3354.69,,0.32%,3392.51,36.11000000000013,-32.0300000000002
08/19/2020,3374.85,3392.51,3399.54,3369.66,,-0.44%,3387.04,29.88000000000011,5.470000000000255
08/18/2020,3389.78,3387.04,3395.06,3370.15,,0.23%,3380.86,24.909999999999854,6.179999999999836
08/17/2020,3381.99,3380.86,3387.59,3379.22,,0.27%,3368.66,8.370000000000346,12.200000000000273
08/14/2020,3372.85,3368.66,3378.51,3361.64,,-0.02%,3372.95,16.870000000000346,-4.289999999999964
08/13/2020,3373.43,3372.95,3387.24,3363.35,,-0.20%,3355.46,23.889999999999873,17.48999999999978
08/12/2020,3380.35,3355.46,3387.89,3355.46,,1.40%,3370.34,32.429999999999836,-14.88000000000011
08/11/2020,3333.69,3370.34,3381.01,3326.44,,-0.80%,3356.04,54.570000000000164,14.300000000000182
08/10/2020,3360.47,3356.04,3363.29,3335.44,,0.27%,3340.05,27.84999999999991,15.989999999999782
08/07/2020,3351.28,3340.05,3352.54,3328.72,,0.06%,3323.17,23.820000000000164,16.88000000000011
08/06/2020,3349.16,3323.17,3351.03,3318.14,,0.64%,3317.37,32.89000000000033,5.800000000000182
08/05/2020,3327.77,3317.37,3330.77,3317.37,,0.64%,3289.92,13.400000000000091,27.449999999999818
08/04/2020,3306.51,3289.92,3306.84,3286.37,,0.36%,3288.26,20.470000000000255,1.6599999999998545
08/03/2020,3294.61,3288.26,3302.73,3284.53,,0.72%,3270.45,18.199999999999818,17.8100000000004
07/31/2020,3271.12,3270.45,3272.17,3220.26,,0.77%,3231.76,51.909999999999854,38.6899999999996
07/30/2020,3246.22,3231.76,3250.92,3204.13,,-0.38%,3227.22,46.789999999999964,4.540000000000418
07/29/2020,3258.44,3227.22,3264.74,3227.22,,1.24%,3234.27,37.51999999999998,-7.050000000000182
07/28/2020,3218.44,3234.27,3243.72,3216.17,,-0.65%,3219.84,27.549999999999727,14.429999999999836
07/27/2020,3239.41,3219.84,3241.43,3214.25,,0.74%,3218.58,27.179999999999836,1.2600000000002183
07/24/2020,3215.63,3218.58,3227.26,3200.05,,-0.62%,3271.64,27.210000000000036,-53.059999999999945
07/23/2020,3235.66,3271.64,3279.99,3222.66,,-1.23%,3254.86,57.32999999999993,16.779999999999745
07/22/2020,3276.02,3254.86,3279.32,3253.1,,0.57%,3268.52,26.220000000000255,-13.659999999999854
07/21/2020,3257.3,3268.52,3277.29,3247.77,,0.17%,3224.29,29.519999999999982,44.23000000000002
07/20/2020,3251.84,3224.29,3258.61,3215.16,,0.84%,3224.21,43.45000000000027,0.07999999999992724
07/17/2020,3224.73,3224.21,3233.52,3205.65,,0.28%,3208.36,27.86999999999989,15.849999999999909
07/16/2020,3215.57,3208.36,3220.39,3198.59,,-0.34%,3225.98,21.799999999999727,-17.61999999999989
07/15/2020,3226.56,3225.98,3238.28,3200.76,,0.91%,3141.11,37.51999999999998,84.86999999999989
07/14/2020,3197.52,3141.11,3200.95,3127.66,,1.34%,3205.08,73.28999999999996,-63.9699999999998
07/13/2020,3155.22,3205.08,3235.32,3149.43,,-0.94%,3152.47,85.89000000000033,52.61000000000013
07/10/2020,3185.04,3152.47,3186.82,3136.22,,1.05%,3176.17,50.600000000000364,-23.700000000000273
07/09/2020,3152.05,3176.17,3179.78,3115.7,,-0.56%,3153.07,64.08000000000038,23.09999999999991
07/08/2020,3169.94,3153.07,3171.8,3136.53,,0.78%,3166.44,35.26999999999998,-13.36999999999989
07/07/2020,3145.32,3166.44,3184.15,3142.93,,-1.08%,3155.29,41.220000000000255,11.150000000000091
07/06/2020,3179.72,3155.29,3182.59,3155.29,,1.59%,3143.64,27.300000000000182,11.650000000000091
07/02/2020,3130.01,3143.64,3165.81,3124.52,,0.45%,3105.92,41.289999999999964,37.7199999999998
07/01/2020,3115.86,3105.92,3128.44,3101.17,,0.50%,3050.2,27.269999999999982,55.720000000000255
06/30/2020,3100.29,3050.2,3111.51,3047.83,,1.54%,3018.59,63.68000000000029,31.609999999999673
06/29/2020,3053.24,3018.59,3053.89,2999.74,,1.47%,3073.2,54.15000000000009,-54.60999999999967
06/26/2020,3009.05,3073.2,3073.73,3004.63,,-2.42%,3046.6,69.09999999999991,26.59999999999991
06/25/2020,3083.76,3046.6,3086.25,3024.01,,1.10%,3114.4,62.23999999999978,-67.80000000000018
06/24/2020,3050.33,3114.4,3115.01,3032.13,,-2.59%,3138.7,82.88000000000011,-24.299999999999727
06/23/2020,3131.29,3138.7,3154.9,3127.12,,0.43%,3094.42,27.7800000000002,44.279999999999745
06/22/2020,3117.86,3094.42,3120.92,3079.39,,0.65%,3140.29,41.5300000000002,-45.86999999999989
06/19/2020,3097.74,3140.29,3155.53,3083.11,,-0.56%,3101.64,72.42000000000007,38.65000000000009
06/18/2020,3115.34,3101.64,3120.0,3093.51,,0.06%,3136.13,26.48999999999978,-34.49000000000024
06/17/2020,3113.49,3136.13,3141.16,3108.03,,-0.36%,3131.0,33.129999999999654,5.130000000000109
06/16/2020,3124.74,3131.0,3153.45,3076.06,,1.90%,2993.76,77.38999999999987,137.23999999999978
06/15/2020,3066.59,2993.76,3079.76,2965.66,,0.83%,3071.04,114.10000000000036,-77.27999999999975
06/12/2020,3041.31,3071.04,3088.42,2984.47,,1.31%,3123.53,103.95000000000027,-52.49000000000024
06/11/2020,3002.1,3123.53,3123.53,2999.49,,-5.89%,3213.42,124.04000000000042,-89.88999999999987
06/10/2020,3190.14,3213.42,3223.27,3181.49,,-0.53%,3213.32,41.7800000000002,0.09999999999990905
06/09/2020,3207.18,3213.32,3222.71,3193.11,,-0.78%,3199.92,29.59999999999991,13.400000000000091
06/08/2020,3232.39,3199.92,3233.13,3196.0,,1.20%,3163.84,37.13000000000011,36.07999999999993
06/05/2020,3193.93,3163.84,3211.72,3163.84,,2.62%,3111.56,47.879999999999654,52.2800000000002
06/04/2020,3112.35,3111.56,3128.91,3090.41,,-0.34%,3098.9,38.5,12.659999999999854
06/03/2020,3122.87,3098.9,3130.94,3098.9,,1.36%,3064.78,32.039999999999964,34.11999999999989
06/02/2020,3080.82,3064.78,3081.07,3051.64,,0.82%,3038.78,29.43000000000029,26.0
06/01/2020,3055.73,3038.78,3062.18,3031.54,,0.38%,3025.17,30.639999999999873,13.610000000000127
05/29/2020,3044.31,3025.17,3049.17,2998.61,,0.48%,3046.61,50.559999999999945,-21.440000000000055
05/28/2020,3029.73,3046.61,3068.67,3023.4,,-0.21%,3015.65,45.26999999999998,30.960000000000036
05/27/2020,3036.13,3015.65,3036.25,2969.75,,1.48%,3004.08,66.5,11.570000000000164
05/26/2020,2991.77,3004.08,3021.72,2988.17,,1.23%,2948.05,33.54999999999973,56.029999999999745
05/22/2020,2955.45,2948.05,2956.76,2933.59,,0.24%,2969.95,23.170000000000073,-21.899999999999636
05/21/2020,2948.51,2969.95,2978.5,2938.57,,-0.78%,2953.63,39.929999999999836,16.31999999999971
05/20/2020,2971.61,2953.63,2980.29,2953.63,,1.67%,2948.59,26.659999999999854,5.039999999999964
05/19/2020,2922.94,2948.59,2964.21,2922.35,,-1.05%,2913.86,41.86000000000013,34.73000000000002
05/18/2020,2953.91,2913.86,2968.09,2913.86,,3.15%,2829.95,54.23000000000002,83.91000000000031
05/15/2020,2863.7,2829.95,2865.01,2816.78,,0.39%,2794.54,48.23000000000002,35.409999999999854
05/14/2020,2852.5,2794.54,2852.8,2766.64,,1.15%,2865.86,86.16000000000031,-71.32000000000016
05/13/2020,2820.0,2865.86,2874.14,2793.15,,-1.75%,2939.5,80.98999999999978,-73.63999999999987
05/12/2020,2870.12,2939.5,2945.82,2869.59,,-2.05%,2915.46,76.23000000000002,24.039999999999964
05/11/2020,2930.32,2915.46,2944.25,2903.44,,0.02%,2908.83,40.809999999999945,6.630000000000109
05/08/2020,2929.8,2908.83,2932.16,2902.88,,1.69%,2878.26,29.279999999999745,30.56999999999971
05/07/2020,2881.19,2878.26,2901.92,2876.48,,1.15%,2883.14,25.440000000000055,-4.879999999999654
05/06/2020,2848.42,2883.14,2891.11,2847.65,,-0.70%,2868.88,43.460000000000036,14.259999999999764
05/05/2020,2868.44,2868.88,2898.23,2863.55,,0.90%,2815.01,34.679999999999836,53.86999999999989
05/04/2020,2842.74,2815.01,2844.24,2797.85,,0.42%,2869.09,46.38999999999987,-54.07999999999993
05/01/2020,2830.71,2869.09,2869.09,2821.61,,-2.81%,2930.91,47.48000000000002,-61.81999999999971
04/30/2020,2912.43,2930.91,2930.91,2892.47,,-0.92%,2918.46,38.440000000000055,12.449999999999818
04/29/2020,2939.51,2918.46,2954.86,2912.16,,2.66%,2909.96,42.70000000000027,8.5
04/28/2020,2863.39,2909.96,2921.15,2860.71,,-0.52%,2854.65,60.440000000000055,55.309999999999945
04/27/2020,2878.48,2854.65,2887.72,2852.89,,1.47%,2812.64,34.82999999999993,42.01000000000022
04/24/2020,2836.74,2812.64,2842.71,2791.76,,1.39%,2810.42,50.94999999999982,2.2199999999998
04/23/2020,2797.8,2810.42,2844.9,2794.26,,-0.05%,2787.89,50.63999999999987,22.5300000000002
04/22/2020,2799.31,2787.89,2815.1,2775.95,,2.29%,2784.81,39.15000000000009,3.0799999999999272
04/21/2020,2736.56,2784.81,2785.54,2727.1,,-3.07%,2845.62,58.440000000000055,-60.809999999999945
04/20/2020,2823.16,2845.62,2868.98,2820.43,,-1.79%,2842.43,48.55000000000018,3.1900000000000546
04/17/2020,2874.56,2842.43,2879.22,2830.88,,2.68%,2799.34,48.33999999999969,43.08999999999969
04/16/2020,2799.55,2799.34,2806.51,2764.32,,0.58%,2795.64,42.190000000000055,3.700000000000273
04/15/2020,2783.36,2795.64,2801.88,2761.54,,-2.20%,2805.1,40.340000000000146,-9.460000000000036
04/14/2020,2846.06,2805.1,2851.85,2805.1,,3.06%,2782.46,46.75,22.639999999999873
04/13/2020,2761.63,2782.46,2782.46,2721.17,,-1.01%,2776.99,61.289999999999964,5.470000000000255
04/09/2020,2789.82,2776.99,2818.57,2762.36,,1.45%,2685.0,56.210000000000036,91.98999999999978
04/08/2020,2749.98,2685.0,2760.75,2663.3,,3.41%,2738.65,97.44999999999982,-53.65000000000009
04/07/2020,2659.41,2738.65,2756.89,2657.67,,-0.16%,2578.28,99.2199999999998,160.3699999999999
04/06/2020,2663.68,2578.28,2676.85,2574.57,,7.03%,2514.92,102.27999999999975,63.36000000000013
04/03/2020,2488.65,2514.92,2538.18,2459.96,,-1.51%,2458.54,78.2199999999998,56.38000000000011
04/02/2020,2526.9,2458.54,2533.22,2455.79,,2.28%,2498.08,77.42999999999984,-39.539999999999964
04/01/2020,2470.5,2498.08,2522.75,2447.49,,-4.41%,2614.69,75.26000000000022,-116.61000000000013
03/31/2020,2584.59,2614.69,2641.39,2571.15,,-1.60%,2558.98,70.23999999999978,55.710000000000036
03/30/2020,2626.65,2558.98,2631.8,2545.28,,3.35%,2555.87,86.51999999999998,3.1100000000001273
03/27/2020,2541.47,2555.87,2615.91,2520.02,,-3.37%,2501.29,95.88999999999987,54.57999999999993
03/26/2020,2630.07,2501.29,2637.01,2500.72,,6.24%,2457.77,136.29000000000042,43.51999999999998
03/25/2020,2475.56,2457.77,2571.42,2407.53,,1.15%,2344.44,163.88999999999987,113.32999999999993
03/24/2020,2447.33,2344.44,2449.71,2344.44,,9.38%,2290.71,105.26999999999998,53.73000000000002
03/23/2020,2237.4,2290.71,2300.73,2191.86,,-2.93%,2431.94,108.86999999999989,-141.23000000000002
03/20/2020,2304.92,2431.94,2453.01,2295.56,,-4.34%,2393.48,157.45000000000027,38.460000000000036
03/19/2020,2409.39,2393.48,2466.97,2319.78,,0.47%,2436.5,147.1899999999996,-43.01999999999998
03/18/2020,2398.1,2436.5,2453.57,2280.52,,-5.18%,2425.66,173.05000000000018,10.840000000000146
03/17/2020,2529.19,2425.66,2553.93,2367.04,,6.00%,2508.59,186.88999999999987,-82.93000000000029
03/16/2020,2386.13,2508.59,2562.98,2380.94,,-11.98%,2569.99,182.03999999999996,-61.399999999999636
03/13/2020,2711.02,2569.99,2711.33,2492.37,,9.29%,2630.86,218.96000000000004,-60.870000000000346
03/12/2020,2480.64,2630.86,2660.95,2478.86,,-9.51%,2825.6,182.0899999999997,-194.73999999999978
03/11/2020,2741.38,2825.6,2825.6,2707.22,,-4.89%,2813.48,118.38000000000011,12.11999999999989
03/10/2020,2882.23,2813.48,2882.59,2734.0,,4.94%,2863.89,148.59000000000015,-50.409999999999854
03/09/2020,2746.56,2863.89,2863.89,2734.43,,-7.60%,2954.2,129.46000000000004,-90.30999999999995
03/06/2020,2972.37,2954.2,2985.93,2901.54,,-1.71%,3075.7,84.38999999999987,-121.5
03/05/2020,3023.94,3075.7,3083.04,2999.83,,-3.39%,3045.75,83.21000000000004,29.949999999999818
03/04/2020,3130.12,3045.75,3130.97,3034.38,,4.22%,3096.46,96.58999999999969,-50.710000000000036
03/03/2020,3003.37,3096.46,3136.72,2976.63,,-2.81%,2974.28,160.0899999999997,122.17999999999984
03/02/2020,3090.23,2974.28,3090.96,2945.19,,4.60%,2916.9,145.76999999999998,57.38000000000011
02/28/2020,2954.22,2916.9,2959.72,2855.84,,-0.82%,3062.54,103.87999999999965,-145.63999999999987
02/27/2020,2978.76,3062.54,3097.07,2977.39,,-4.42%,3139.9,119.68000000000029,-77.36000000000013
02/26/2020,3116.39,3139.9,3182.51,3108.99,,-0.38%,3238.94,73.52000000000044,-99.03999999999996
02/25/2020,3128.21,3238.94,3246.99,3118.77,,-3.03%,3257.61,128.2199999999998,-18.670000000000073
02/24/2020,3225.89,3257.61,3259.81,3214.65,,-3.35%,3360.5,45.159999999999854,-102.88999999999987
02/21/2020,3337.75,3360.5,3360.76,3328.45,,-1.05%,3380.45,32.3100000000004,-19.949999999999818
02/20/2020,3373.23,3380.45,3389.15,3341.02,,-0.38%,3380.39,48.13000000000011,0.05999999999994543
02/19/2020,3386.15,3380.39,3393.52,3378.83,,0.47%,3369.04,14.690000000000055,11.349999999999909
02/18/2020,3370.29,3369.04,3375.01,3355.61,,-0.29%,3378.08,19.40000000000009,-9.039999999999964
02/14/2020,3380.16,3378.08,3380.69,3366.15,,0.18%,3365.9,14.539999999999964,12.179999999999836
02/13/2020,3373.94,3365.9,3385.09,3360.52,,-0.16%,3370.5,24.570000000000164,-4.599999999999909
02/12/2020,3379.45,3370.5,3381.47,3369.72,,0.65%,3365.87,11.75,4.630000000000109
02/11/2020,3357.75,3365.87,3375.63,3352.72,,0.17%,3318.28,22.91000000000031,47.58999999999969
02/10/2020,3352.09,3318.28,3352.26,3317.77,,0.73%,3335.54,34.49000000000024,-17.259999999999764
02/07/2020,3327.71,3335.54,3341.42,3322.12,,-0.54%,3344.92,19.300000000000182,-9.38000000000011
02/06/2020,3345.78,3344.92,3347.96,3334.39,,0.33%,3324.91,13.570000000000164,20.01000000000022
02/05/2020,3334.69,3324.91,3337.58,3313.75,,1.13%,3280.61,23.829999999999927,44.29999999999973
02/04/2020,3297.59,3280.61,3306.92,3280.61,,1.50%,3235.66,26.309999999999945,44.95000000000027
02/03/2020,3248.92,3235.66,3268.44,3235.66,,0.73%,3282.33,32.7800000000002,-46.67000000000007
01/31/2020,3225.52,3282.33,3282.33,3214.68,,-1.77%,3256.45,67.65000000000009,25.88000000000011
01/30/2020,3283.66,3256.45,3285.91,3242.8,,0.31%,3289.46,43.10999999999967,-33.01000000000022
01/29/2020,3273.4,3289.46,3293.47,3271.89,,-0.09%,3255.35,21.579999999999927,34.11000000000013
01/28/2020,3276.24,3255.35,3285.78,3253.22,,1.01%,3247.16,32.5600000000004,8.190000000000055
01/27/2020,3243.63,3247.16,3258.85,3234.5,,-1.57%,3333.1,24.34999999999991,-85.94000000000005
01/24/2020,3295.47,3333.1,3333.18,3281.53,,-0.90%,3315.77,51.649999999999636,17.329999999999927
01/23/2020,3325.54,3315.77,3326.88,3301.87,,0.11%,3330.02,25.01000000000022,-14.25
01/22/2020,3321.75,3330.02,3337.77,3320.04,,0.03%,3321.03,17.730000000000018,8.989999999999782
01/21/2020,3320.79,3321.03,3329.79,3316.61,,-0.27%,3323.66,13.179999999999836,-2.6299999999996544
01/17/2020,3329.62,3323.66,3329.88,3318.86,,0.39%,3302.97,11.019999999999982,20.690000000000055
01/16/2020,3316.81,3302.97,3317.11,3302.82,,0.84%,3282.27,14.289999999999964,20.699999999999818
01/15/2020,3289.29,3282.27,3298.66,3280.69,,0.19%,3285.35,17.9699999999998,-3.0799999999999272
01/14/2020,3283.15,3285.35,3294.25,3277.19,,-0.15%,3271.13,17.059999999999945,14.2199999999998
01/13/2020,3288.13,3271.13,3288.13,3268.43,,0.70%,3281.81,19.700000000000273,-10.679999999999836
01/10/2020,3265.35,3281.81,3282.99,3260.86,,-0.29%,3266.03,22.129999999999654,15.779999999999745
01/09/2020,3274.7,3266.03,3275.58,3263.67,,0.67%,3238.59,11.909999999999854,27.440000000000055
01/08/2020,3253.05,3238.59,3267.07,3236.67,,0.49%,3241.86,30.40000000000009,-3.269999999999982
01/07/2020,3237.18,3241.86,3244.91,3232.43,,-0.28%,3217.55,12.480000000000018,24.309999999999945
01/06/2020,3246.28,3217.55,3246.84,3214.64,,0.35%,3226.36,32.20000000000027,-8.809999999999945
01/03/2020,3234.85,3226.36,3246.15,3222.34,,-0.71%,3244.67,23.809999999999945,-18.309999999999945
01/02/2020,3257.85,3244.67,3258.14,3235.53,,0.84%,3215.18,22.609999999999673,29.490000000000236
12/31/2019,3230.78,3215.18,3231.72,3212.03,,0.29%,3240.09,19.6899999999996,-24.91000000000031
12/30/2019,3221.29,3240.09,3240.92,3216.57,,-0.58%,3247.23,24.34999999999991,-7.139999999999873
12/27/2019,3240.02,3247.23,3247.93,3234.37,,0.00%,3227.2,13.559999999999945,20.0300000000002
12/26/2019,3239.91,3227.2,3240.08,3227.2,,0.51%,3225.45,12.88000000000011,1.75
12/24/2019,3223.38,3225.45,3226.43,3220.51,,-0.02%,3226.05,5.919999999999618,-0.6000000000003638
12/23/2019,3224.01,3226.05,3227.78,3222.3,,0.09%,3223.33,5.480000000000018,2.7200000000002547
12/20/2019,3221.22,3223.33,3225.65,3216.03,,0.49%,3192.32,9.61999999999989,31.009999999999764
12/19/2019,3205.37,3192.32,3205.48,3192.32,,0.45%,3195.21,13.159999999999854,-2.8899999999998727
12/18/2019,3191.14,3195.21,3198.48,3191.14,,-0.04%,3195.4,7.3400000000001455,-0.19000000000005457
12/17/2019,3192.52,3195.4,3198.22,3191.03,,0.03%,3183.63,7.1899999999996,11.769999999999982
12/16/2019,3191.45,3183.63,3197.71,3183.63,,0.71%,3166.65,14.079999999999927,16.980000000000018
12/13/2019,3168.8,3166.65,3182.68,3156.51,,0.01%,3141.23,26.169999999999618,25.420000000000073
12/12/2019,3168.57,3141.23,3176.28,3138.47,,0.86%,3135.75,37.8100000000004,5.480000000000018
12/11/2019,3141.63,3135.75,3143.98,3133.21,,0.29%,3135.36,10.769999999999982,0.38999999999987267
12/10/2019,3132.52,3135.36,3142.12,3126.09,,-0.11%,3141.86,16.029999999999745,-6.5
12/09/2019,3135.96,3141.86,3148.87,3135.46,,-0.32%,3134.62,13.409999999999854,7.2400000000002365
12/06/2019,3145.91,3134.62,3150.6,3134.62,,0.91%,3119.21,15.980000000000018,15.409999999999854
12/05/2019,3117.43,3119.21,3119.45,3103.76,,0.15%,3103.5,15.6899999999996,15.710000000000036
12/04/2019,3112.76,3103.5,3119.38,3102.53,,0.63%,3087.41,16.84999999999991,16.090000000000146
12/03/2019,3093.2,3087.41,3094.97,3070.33,,-0.66%,3143.85,24.639999999999873,-56.440000000000055
12/02/2019,3113.87,3143.85,3144.31,3110.78,,-0.86%,3147.18,33.529999999999745,-3.3299999999999272
11/29/2019,3140.98,3147.18,3150.3,3139.34,,-0.40%,3145.49,10.960000000000036,1.6900000000000546
11/27/2019,3153.63,3145.49,3154.26,3143.41,,0.42%,3134.85,10.850000000000364,10.639999999999873
11/26/2019,3140.52,3134.85,3142.69,3131.0,,0.22%,3117.44,11.690000000000055,17.409999999999854
11/25/2019,3133.64,3117.44,3133.83,3117.44,,0.75%,3111.41,16.389999999999873,6.0300000000002
11/22/2019,3110.29,3111.41,3112.87,3099.26,,0.22%,3108.49,13.609999999999673,2.9200000000000728
11/21/2019,3103.54,3108.49,3110.11,3094.55,,-0.16%,3114.66,15.559999999999945,-6.170000000000073
11/20/2019,3108.46,3114.66,3118.97,3091.41,,-0.38%,3127.45,27.559999999999945,-12.789999999999964
11/19/2019,3120.18,3127.45,3127.64,3113.47,,-0.06%,3117.91,14.170000000000073,9.539999999999964
11/18/2019,3122.03,3117.91,3124.17,3112.06,,0.05%,3107.92,12.110000000000127,9.989999999999782
11/15/2019,3120.46,3107.92,3120.46,3104.6,,0.77%,3090.75,15.860000000000127,17.170000000000073
11/14/2019,3096.63,3090.75,3098.2,3083.26,,0.08%,3084.18,14.9399999999996,6.570000000000164
11/13/2019,3094.04,3084.18,3098.06,3078.8,,0.07%,3089.28,19.259999999999764,-5.100000000000364
11/12/2019,3091.84,3089.28,3102.61,3084.73,,0.16%,3080.33,17.88000000000011,8.950000000000273
11/11/2019,3087.01,3080.33,3088.33,3075.82,,-0.20%,3081.25,12.509999999999764,-0.9200000000000728
11/08/2019,3093.08,3081.25,3093.09,3073.58,,0.26%,3087.02,19.51000000000022,-5.769999999999982
11/07/2019,3085.18,3087.02,3097.77,3080.23,,0.27%,3075.1,17.539999999999964,11.920000000000073
11/06/2019,3076.78,3075.1,3078.34,3065.89,,0.07%,3080.8,12.450000000000273,-5.700000000000273
11/05/2019,3074.62,3080.8,3083.95,3072.15,,-0.12%,3078.96,11.799999999999727,1.8400000000001455
11/04/2019,3078.27,3078.96,3085.2,3074.87,,0.37%,3050.72,10.329999999999927,28.240000000000236
11/01/2019,3066.91,3050.72,3066.95,3050.72,,0.97%,3046.9,16.230000000000018,3.819999999999709
10/31/2019,3037.56,3046.9,3046.9,3023.19,,-0.30%,3039.74,23.710000000000036,7.160000000000309
10/30/2019,3046.77,3039.74,3050.1,3025.96,,0.33%,3035.39,24.139999999999873,4.349999999999909
10/29/2019,3036.89,3035.39,3047.87,3034.81,,-0.08%,3032.12,13.059999999999945,3.269999999999982
10/28/2019,3039.42,3032.12,3044.08,3032.12,,0.56%,3003.32,11.960000000000036,28.799999999999727
10/25/2019,3022.55,3003.32,3027.39,3001.94,,0.41%,3014.78,25.449999999999818,-11.460000000000036
10/24/2019,3010.29,3014.78,3016.07,3000.42,,0.19%,2994.01,15.650000000000091,20.769999999999982
10/23/2019,3004.52,2994.01,3004.78,2991.21,,0.28%,3010.73,13.570000000000164,-16.7199999999998
10/22/2019,2995.99,3010.73,3014.57,2995.04,,-0.36%,2996.48,19.5300000000002,14.25
10/21/2019,3006.72,2996.48,3007.33,2995.35,,0.69%,2996.84,11.980000000000018,-0.36000000000012733
10/18/2019,2986.2,2996.84,3000.0,2976.31,,-0.39%,3000.77,23.690000000000055,-3.9299999999998363
10/17/2019,2997.95,3000.77,3008.29,2991.79,,0.28%,2989.68,16.5,11.090000000000146
10/16/2019,2989.69,2989.68,2997.54,2985.2,,-0.20%,2973.61,12.340000000000146,16.06999999999971
10/15/2019,2995.68,2973.61,3003.28,2973.61,,1.00%,2965.81,29.670000000000073,7.800000000000182
10/14/2019,2966.15,2965.81,2972.84,2962.94,,-0.14%,2963.07,9.900000000000091,2.7399999999997817
10/11/2019,2970.27,2963.07,2993.28,2963.07,,1.09%,2918.55,30.210000000000036,44.51999999999998
10/10/2019,2938.13,2918.55,2948.46,2917.12,,0.64%,2911.1,31.340000000000146,7.450000000000273
10/09/2019,2919.4,2911.1,2929.32,2907.41,,0.91%,2920.4,21.91000000000031,-9.300000000000182
10/08/2019,2893.06,2920.4,2925.47,2892.66,,-1.56%,2944.23,32.809999999999945,-23.829999999999927
10/07/2019,2938.79,2944.23,2959.75,2935.68,,-0.45%,2918.56,24.070000000000164,25.670000000000073
10/04/2019,2952.01,2918.56,2953.74,2918.56,,1.42%,2885.38,35.179999999999836,33.179999999999836
10/03/2019,2910.63,2885.38,2911.13,2855.94,,0.80%,2924.78,55.190000000000055,-39.40000000000009
10/02/2019,2887.61,2924.78,2924.78,2874.93,,-1.79%,2983.69,49.850000000000364,-58.909999999999854
10/01/2019,2940.25,2983.69,2992.53,2938.7,,-1.23%,2967.07,53.83000000000038,16.61999999999989
09/30/2019,2976.74,2967.07,2983.85,2967.07,,0.50%,2985.47,16.779999999999745,-18.399999999999636
09/27/2019,2961.79,2985.47,2987.31,2945.53,,-0.53%,2985.73,41.779999999999745,-0.2600000000002183
09/26/2019,2977.62,2985.73,2987.28,2963.71,,-0.24%,2968.35,23.570000000000164,17.38000000000011
09/25/2019,2984.87,2968.35,2989.82,2952.86,,0.62%,3002.43,36.960000000000036,-34.07999999999993
09/24/2019,2966.6,3002.43,3007.98,2957.73,,-0.84%,2983.5,50.25,18.929999999999836
09/23/2019,2991.78,2983.5,2999.15,2982.23,,-0.01%,3008.42,16.920000000000073,-24.920000000000073
09/20/2019,2992.07,3008.42,3016.37,2984.68,,-0.49%,3010.36,31.690000000000055,-1.9400000000000546
09/19/2019,3006.79,3010.36,3021.99,3003.16,,0.00%,3001.5,18.829999999999927,8.860000000000127
09/18/2019,3006.73,3001.5,3007.83,2978.57,,0.03%,2995.67,29.259999999999764,5.829999999999927
09/17/2019,3005.7,2995.67,3006.21,2993.73,,0.26%,2996.41,12.480000000000018,-0.7399999999997817
09/16/2019,2997.96,2996.41,3002.19,2990.67,,-0.31%,3012.21,11.519999999999982,-15.800000000000182
09/13/2019,3007.39,3012.21,3017.33,3002.9,,-0.07%,3009.08,14.429999999999836,3.130000000000109
09/12/2019,3009.57,3009.08,3020.74,3000.92,,0.29%,2981.41,19.81999999999971,27.670000000000073
09/11/2019,3000.93,2981.41,3000.93,2975.31,,0.72%,2971.01,25.61999999999989,10.399999999999636
09/10/2019,2979.39,2971.01,2979.39,2957.01,,0.03%,2988.43,22.379999999999654,-17.419999999999618
09/09/2019,2978.43,2988.43,2989.43,2969.39,,-0.01%,2980.33,20.039999999999964,8.099999999999909
09/06/2019,2978.71,2980.33,2985.03,2972.51,,0.09%,2960.6,12.519999999999982,19.730000000000018
09/05/2019,2976.0,2960.6,2985.86,2960.6,,1.30%,2924.67,25.26000000000022,35.929999999999836
09/04/2019,2937.78,2924.67,2938.84,2921.86,,1.08%,2909.01,16.980000000000018,15.659999999999854
09/03/2019,2906.27,2909.01,2914.39,2891.85,,-0.69%,2937.09,22.539999999999964,-28.079999999999927
08/30/2019,2926.46,2937.09,2940.43,2913.32,,0.06%,2910.37,27.109999999999673,26.720000000000255
08/29/2019,2924.58,2910.37,2930.5,2905.67,,1.27%,2861.28,24.829999999999927,49.08999999999969
08/28/2019,2887.94,2861.28,2890.03,2853.05,,0.65%,2893.14,36.98000000000002,-31.859999999999673
08/27/2019,2869.16,2893.14,2898.79,2860.59,,-0.32%,2866.7,38.19999999999982,26.440000000000055
08/26/2019,2878.38,2866.7,2879.27,2856.0,,1.10%,2911.07,23.269999999999982,-44.370000000000346
08/23/2019,2847.11,2911.07,2927.01,2834.97,,-2.59%,2930.94,92.04000000000042,-19.86999999999989
08/22/2019,2922.95,2930.94,2939.08,2904.51,,-0.05%,2922.04,34.56999999999971,8.900000000000091
08/21/2019,2924.43,2922.04,2928.73,2917.91,,0.82%,2919.01,10.820000000000164,3.0299999999997453
08/20/2019,2900.51,2919.01,2923.63,2899.6,,-0.79%,2913.48,24.0300000000002,5.5300000000002
08/19/2019,2923.65,2913.48,2931.0,2913.48,,1.21%,2864.74,17.519999999999982,48.74000000000024
08/16/2019,2888.68,2864.74,2893.63,2864.74,,1.44%,2846.2,28.890000000000327,18.539999999999964
08/15/2019,2847.6,2846.2,2856.67,2825.51,,0.25%,2894.15,31.159999999999854,-47.95000000000027
08/14/2019,2840.6,2894.15,2894.15,2839.64,,-2.93%,2880.72,54.51000000000022,13.430000000000291
08/13/2019,2926.32,2880.72,2943.31,2877.05,,1.48%,2907.07,66.25999999999976,-26.350000000000364
08/12/2019,2883.75,2907.07,2907.58,2873.14,,-1.20%,2930.51,34.440000000000055,-23.440000000000055
08/09/2019,2918.65,2930.51,2935.75,2900.15,,-0.66%,2896.21,35.59999999999991,34.30000000000018
08/08/2019,2938.09,2896.21,2938.72,2894.47,,1.88%,2858.65,44.25,37.559999999999945
08/07/2019,2883.98,2858.65,2892.17,2825.71,,0.08%,2861.18,66.46000000000004,-2.5299999999997453
08/06/2019,2881.77,2861.18,2884.4,2847.42,,1.30%,2898.07,36.98000000000002,-36.89000000000033
08/05/2019,2844.74,2898.07,2898.07,2822.12,,-2.98%,2943.9,75.95000000000027,-45.82999999999993
08/02/2019,2932.05,2943.9,2945.5,2914.11,,-0.73%,2980.32,31.389999999999873,-36.42000000000007
08/01/2019,2953.56,2980.32,3013.59,2945.23,,-0.90%,3016.22,68.36000000000013,-35.899999999999636
07/31/2019,2980.38,3016.22,3017.4,2958.08,,-1.09%,3007.66,59.320000000000164,8.559999999999945
07/30/2019,3013.18,3007.66,3017.19,3000.94,,-0.26%,3024.47,16.25,-16.809999999999945
07/29/2019,3020.97,3024.47,3025.61,3014.3,,-0.16%,3013.25,11.309999999999945,11.2199999999998
07/26/2019,3025.86,3013.25,3027.98,3012.59,,0.74%,3016.26,15.389999999999873,-3.0100000000002183
07/25/2019,3003.67,3016.26,3016.31,2997.24,,-0.53%,2998.77,19.070000000000164,17.490000000000236
07/24/2019,3019.56,2998.77,3019.59,2996.82,,0.47%,2994.74,22.769999999999982,4.0300000000002
07/23/2019,3005.47,2994.74,3005.9,2988.56,,0.68%,2981.93,17.340000000000146,12.809999999999945
07/22/2019,2985.03,2981.93,2990.71,2976.65,,0.28%,3004.26,14.059999999999945,-22.330000000000382
07/19/2019,2976.61,3004.26,3006.02,2975.86,,-0.62%,2978.87,30.159999999999854,25.390000000000327
07/18/2019,2995.11,2978.87,2998.28,2973.09,,0.36%,3005.1,25.190000000000055,-26.230000000000018
07/17/2019,2984.42,3005.1,3005.26,2984.25,,-0.65%,3012.13,21.01000000000022,-7.0300000000002
07/16/2019,3004.04,3012.13,3015.02,3001.15,,-0.34%,3017.8,13.86999999999989,-5.670000000000073
07/15/2019,3014.3,3017.8,3017.8,3008.77,,0.02%,3003.36,9.0300000000002,14.440000000000055
07/12/2019,3013.77,3003.36,3013.92,3001.87,,0.46%,2999.62,12.050000000000182,3.7400000000002365
07/11/2019,2999.91,2999.62,3002.33,2988.8,,0.23%,2989.3,13.529999999999745,10.319999999999709
07/10/2019,2993.07,2989.3,3002.98,2984.62,,0.45%,2965.52,18.360000000000127,23.7800000000002
07/09/2019,2979.63,2965.52,2981.9,2963.44,,0.12%,2979.77,18.460000000000036,-14.25
07/08/2019,2975.95,2979.77,2980.76,2970.09,,-0.48%,2984.25,10.670000000000073,-4.480000000000018
07/05/2019,2990.41,2984.25,2994.03,2967.97,,-0.18%,2978.08,26.0600000000004,6.170000000000073
07/03/2019,2995.82,2978.08,2995.84,2977.96,,0.77%,2964.66,17.88000000000011,13.420000000000073
07/02/2019,2973.01,2964.66,2973.21,2955.92,,0.29%,2971.41,17.289999999999964,-6.75
07/01/2019,2964.33,2971.41,2977.93,2952.22,,0.77%,2932.94,25.710000000000036,38.4699999999998
06/28/2019,2941.76,2932.94,2943.98,2929.05,,0.58%,2919.66,14.929999999999836,13.2800000000002
06/27/2019,2924.92,2919.66,2929.3,2918.57,,0.38%,2926.07,10.730000000000018,-6.410000000000309
06/26/2019,2913.78,2926.07,2932.59,2912.99,,-0.12%,2945.78,19.600000000000364,-19.710000000000036
06/25/2019,2917.38,2945.78,2946.52,2916.01,,-0.95%,2951.42,30.509999999999764,-5.639999999999873
06/24/2019,2945.35,2951.42,2954.92,2944.05,,-0.17%,2952.71,10.86999999999989,-1.2899999999999636
06/21/2019,2950.46,2952.71,2964.15,2946.87,,-0.13%,2949.6,17.2800000000002,3.1100000000001273
06/20/2019,2954.18,2949.6,2958.06,2931.5,,0.95%,2920.55,26.559999999999945,29.049999999999727
06/19/2019,2926.46,2920.55,2931.74,2911.43,,0.30%,2906.71,20.309999999999945,13.840000000000146
06/18/2019,2917.75,2906.71,2930.79,2905.44,,0.97%,2889.75,25.34999999999991,16.960000000000036
06/17/2019,2889.67,2889.75,2897.27,2887.3,,0.09%,2886.82,9.9699999999998,2.9299999999998363
06/14/2019,2886.98,2886.82,2894.45,2879.62,,-0.16%,2886.24,14.829999999999927,0.580000000000382
06/13/2019,2891.64,2886.24,2895.24,2881.99,,0.41%,2882.73,13.25,3.5099999999997635
06/12/2019,2879.84,2882.73,2888.57,2874.68,,-0.20%,2903.27,13.890000000000327,-20.539999999999964
06/11/2019,2885.72,2903.27,2910.61,2878.53,,-0.03%,2885.83,32.07999999999993,17.440000000000055
06/10/2019,2886.73,2885.83,2904.77,2885.51,,0.47%,2852.87,19.259999999999764,32.960000000000036
06/07/2019,2873.34,2852.87,2884.97,2852.87,,1.05%,2828.51,32.09999999999991,24.359999999999673
06/06/2019,2843.49,2828.51,2852.1,2822.45,,0.61%,2818.09,29.65000000000009,10.420000000000073
06/05/2019,2826.15,2818.09,2827.28,2800.92,,0.82%,2762.64,26.360000000000127,55.45000000000027
06/04/2019,2803.27,2762.64,2804.49,2762.64,,2.14%,2751.53,41.84999999999991,11.109999999999673
06/03/2019,2744.45,2751.53,2763.07,2728.81,,-0.28%,2766.15,34.26000000000022,-14.61999999999989
05/31/2019,2752.06,2766.15,2768.98,2750.52,,-1.32%,2786.94,18.460000000000036,-20.789999999999964
05/30/2019,2788.86,2786.94,2799.0,2776.74,,0.21%,2790.25,22.26000000000022,-3.3099999999999454
05/29/2019,2783.02,2790.25,2792.03,2766.06,,-0.69%,2830.03,25.970000000000255,-39.7800000000002
05/28/2019,2802.39,2830.03,2840.51,2801.58,,-0.84%,2832.41,38.93000000000029,-2.3799999999996544
05/24/2019,2826.06,2832.41,2841.36,2820.19,,0.14%,2836.7,21.170000000000073,-4.289999999999964
05/23/2019,2822.24,2836.7,2836.7,2805.49,,-1.19%,2856.06,31.210000000000036,-19.360000000000127
05/22/2019,2856.27,2856.06,2865.47,2851.11,,-0.28%,2854.02,14.359999999999673,2.0399999999999636
05/21/2019,2864.36,2854.02,2868.88,2854.02,,0.85%,2841.94,14.860000000000127,12.079999999999927
05/20/2019,2840.23,2841.94,2853.86,2831.29,,-0.67%,2858.6,22.570000000000164,-16.659999999999854
05/17/2019,2859.53,2858.6,2885.48,2854.23,,-0.58%,2855.8,31.25,2.799999999999727
05/16/2019,2876.32,2855.8,2892.15,2855.8,,0.89%,2820.38,36.34999999999991,35.42000000000007
05/15/2019,2850.96,2820.38,2858.68,2815.08,,0.58%,2820.12,43.59999999999991,0.2600000000002183
05/14/2019,2834.41,2820.12,2852.54,2820.12,,0.80%,2840.19,32.42000000000007,-20.070000000000164
05/13/2019,2811.87,2840.19,2840.19,2801.43,,-2.41%,2863.1,38.76000000000022,-22.909999999999854
05/10/2019,2881.4,2863.1,2891.31,2825.39,,0.37%,2859.84,65.92000000000007,3.2599999999997635
05/09/2019,2870.72,2859.84,2875.97,2836.4,,-0.30%,2879.61,39.56999999999971,-19.769999999999982
05/08/2019,2879.42,2879.61,2897.96,2873.28,,-0.16%,2913.03,24.679999999999836,-33.42000000000007
05/07/2019,2884.05,2913.03,2913.03,2862.6,,-1.65%,2908.89,50.43000000000029,4.140000000000327
05/06/2019,2932.47,2908.89,2937.32,2898.21,,-0.45%,2929.21,39.11000000000013,-20.320000000000164
05/03/2019,2945.64,2929.21,2947.85,2929.21,,0.96%,2922.16,18.639999999999873,7.050000000000182
05/02/2019,2917.52,2922.16,2931.68,2900.5,,-0.21%,2952.33,31.179999999999836,-30.170000000000073
05/01/2019,2923.73,2952.33,2954.13,2923.36,,-0.75%,2937.14,30.769999999999982,15.190000000000055
04/30/2019,2945.83,2937.14,2948.22,2924.11,,0.10%,2940.58,24.109999999999673,-3.4400000000000546
04/29/2019,2943.03,2940.58,2949.52,2939.35,,0.11%,2925.81,10.170000000000073,14.769999999999982
04/26/2019,2939.88,2925.81,2939.88,2917.56,,0.47%,2928.99,22.320000000000164,-3.1799999999998363
04/25/2019,2926.17,2928.99,2933.1,2912.84,,-0.04%,2934.0,20.259999999999764,-5.010000000000218
04/24/2019,2927.25,2934.0,2936.83,2926.05,,-0.22%,2909.99,10.779999999999745,24.01000000000022
04/23/2019,2933.68,2909.99,2936.31,2908.53,,0.88%,2898.78,27.779999999999745,11.209999999999582
04/22/2019,2907.97,2898.78,2909.51,2896.35,,0.10%,2904.81,13.16000000000031,-6.029999999999745
04/18/2019,2905.03,2904.81,2908.4,2891.9,,0.16%,2916.04,16.5,-11.230000000000018
04/17/2019,2900.45,2916.04,2918.0,2895.45,,-0.23%,2912.26,22.550000000000182,3.7799999999997453
04/16/2019,2907.06,2912.26,2916.06,2900.71,,0.05%,2908.32,15.349999999999909,3.9400000000000546
04/15/2019,2905.58,2908.32,2909.6,2896.48,,-0.06%,2900.86,13.11999999999989,7.460000000000036
04/12/2019,2907.41,2900.86,2910.54,2898.37,,0.66%,2891.92,12.170000000000073,8.940000000000055
04/11/2019,2888.32,2891.92,2893.42,2881.99,,0.00%,2881.37,11.430000000000291,10.550000000000182
04/10/2019,2888.21,2881.37,2889.71,2879.13,,0.35%,2886.58,10.579999999999927,-5.210000000000036
04/09/2019,2878.2,2886.58,2886.88,2873.33,,-0.61%,2888.46,13.550000000000182,-1.8800000000001091
04/08/2019,2895.77,2888.46,2895.95,2880.78,,0.10%,2884.16,15.169999999999618,4.300000000000182
04/05/2019,2892.74,2884.16,2893.24,2882.99,,0.46%,2873.99,10.25,10.170000000000073
04/04/2019,2879.39,2873.99,2881.28,2867.14,,0.21%,2876.09,14.140000000000327,-2.100000000000364
04/03/2019,2873.4,2876.09,2885.25,2865.17,,0.21%,2868.24,20.079999999999927,7.850000000000364
04/02/2019,2867.24,2868.24,2872.9,2858.75,,0.00%,2848.63,14.150000000000091,19.609999999999673
04/01/2019,2867.19,2848.63,2869.4,2848.63,,1.16%,2828.27,20.769999999999982,20.360000000000127
03/29/2019,2834.4,2828.27,2836.03,2819.23,,0.67%,2809.4,16.800000000000182,18.86999999999989
03/28/2019,2815.44,2809.4,2819.71,2798.77,,0.36%,2819.72,20.940000000000055,-10.319999999999709
03/27/2019,2805.37,2819.72,2825.56,2787.72,,-0.46%,2812.66,37.840000000000146,7.059999999999945
03/26/2019,2818.46,2812.66,2829.87,2803.99,,0.72%,2796.01,25.88000000000011,16.649999999999636
03/25/2019,2798.36,2796.01,2809.79,2785.02,,-0.08%,2844.52,24.769999999999982,-48.50999999999976
03/22/2019,2800.71,2844.52,2846.16,2800.47,,-1.90%,2819.72,45.690000000000055,24.800000000000182
03/21/2019,2854.88,2819.72,2860.31,2817.38,,1.09%,2831.34,42.929999999999836,-11.620000000000346
03/20/2019,2824.23,2831.34,2843.54,2812.43,,-0.29%,2840.76,31.110000000000127,-9.420000000000073
03/19/2019,2832.57,2840.76,2852.42,2823.27,,-0.01%,2822.61,29.15000000000009,18.15000000000009
03/18/2019,2832.94,2822.61,2835.41,2821.99,,0.37%,2810.79,13.420000000000073,11.820000000000164
03/15/2019,2822.48,2810.79,2830.73,2810.79,,0.50%,2810.38,19.940000000000055,0.4099999999998545
03/14/2019,2808.48,2810.38,2815.0,2803.46,,-0.09%,2799.78,11.539999999999964,10.599999999999909
03/13/2019,2810.92,2799.78,2821.24,2799.78,,0.69%,2787.34,21.45999999999958,12.440000000000055
03/12/2019,2791.52,2787.34,2798.32,2786.73,,0.30%,2747.61,11.590000000000146,39.73000000000002
03/11/2019,2783.3,2747.61,2784.0,2747.61,,1.47%,2730.79,36.38999999999987,16.820000000000164
03/08/2019,2743.07,2730.79,2744.13,2722.27,,-0.21%,2766.53,21.860000000000127,-35.74000000000024
03/07/2019,2748.93,2766.53,2767.25,2739.09,,-0.81%,2790.27,28.159999999999854,-23.73999999999978
03/06/2019,2771.45,2790.27,2790.27,2768.69,,-0.65%,2794.41,21.579999999999927,-4.139999999999873
03/05/2019,2789.65,2794.41,2796.44,2782.97,,-0.11%,2814.37,13.470000000000255,-19.960000000000036
03/04/2019,2792.81,2814.37,2816.88,2767.66,,-0.39%,2798.22,49.220000000000255,16.15000000000009
03/01/2019,2803.69,2798.22,2808.02,2787.38,,0.69%,2788.11,20.639999999999873,10.109999999999673
02/28/2019,2784.49,2788.11,2793.73,2782.51,,-0.28%,2787.5,11.2199999999998,0.6100000000001273
02/27/2019,2792.38,2787.5,2795.76,2775.13,,-0.05%,2792.36,20.63000000000011,-4.860000000000127
02/26/2019,2793.9,2792.36,2803.12,2789.47,,-0.08%,2804.35,13.650000000000091,-11.989999999999782
02/25/2019,2796.11,2804.35,2813.49,2794.99,,0.12%,2780.67,18.5,23.679999999999836
02/22/2019,2792.67,2780.67,2794.2,2779.11,,0.64%,2780.24,15.08999999999969,0.43000000000029104
02/21/2019,2774.88,2780.24,2781.58,2764.55,,-0.35%,2779.05,17.029999999999745,1.1899999999995998
02/20/2019,2784.7,2779.05,2789.88,2774.06,,0.18%,2769.28,15.820000000000164,9.769999999999982
02/19/2019,2779.76,2769.28,2787.33,2767.29,,0.15%,2760.24,20.039999999999964,9.040000000000418
02/15/2019,2775.6,2760.24,2775.66,2760.24,,1.09%,2743.5,15.420000000000073,16.73999999999978
02/14/2019,2745.73,2743.5,2757.9,2731.23,,-0.27%,2750.3,26.670000000000073,-6.800000000000182
02/13/2019,2753.03,2750.3,2761.85,2748.63,,0.30%,2722.61,13.2199999999998,27.690000000000055
02/12/2019,2744.73,2722.61,2748.19,2722.61,,1.29%,2712.4,25.579999999999927,10.210000000000036
02/11/2019,2709.8,2712.4,2718.05,2703.79,,0.07%,2692.36,14.260000000000218,20.039999999999964
02/08/2019,2707.88,2692.36,2708.07,2681.83,,0.07%,2717.53,26.240000000000236,-25.170000000000073
02/07/2019,2706.05,2717.53,2719.32,2687.26,,-0.94%,2735.05,32.059999999999945,-17.519999999999982
02/06/2019,2731.61,2735.05,2738.08,2724.15,,-0.22%,2728.34,13.929999999999836,6.710000000000036
02/05/2019,2737.7,2728.34,2738.98,2724.03,,0.47%,2706.49,14.949999999999818,21.850000000000364
02/04/2019,2724.87,2706.49,2724.99,2698.75,,0.68%,2702.32,26.23999999999978,4.169999999999618
02/01/2019,2706.53,2702.32,2716.66,2696.88,,0.09%,2685.49,19.779999999999745,16.830000000000382
01/31/2019,2704.1,2685.49,2708.95,2678.65,,0.86%,2653.62,30.299999999999727,31.86999999999989
01/30/2019,2681.05,2653.62,2690.44,2648.34,,1.55%,2644.89,42.09999999999991,8.730000000000018
01/29/2019,2640.0,2644.89,2650.93,2631.05,,-0.15%,2644.97,19.879999999999654,-0.07999999999992724
01/28/2019,2643.85,2644.97,2644.97,2624.06,,-0.78%,2657.44,20.909999999999854,-12.470000000000255
01/25/2019,2664.76,2657.44,2672.38,2657.33,,0.85%,2638.84,15.050000000000182,18.59999999999991
01/24/2019,2642.33,2638.84,2647.2,2627.01,,0.14%,2643.48,20.1899999999996,-4.639999999999873
01/23/2019,2638.7,2643.48,2653.19,2612.86,,0.22%,2657.88,40.32999999999993,-14.400000000000091
01/22/2019,2632.9,2657.88,2657.88,2617.27,,-1.42%,2651.27,40.61000000000013,6.610000000000127
01/18/2019,2670.71,2651.27,2675.47,2647.58,,1.32%,2609.28,27.889999999999873,41.98999999999978
01/17/2019,2635.96,2609.28,2645.06,2606.36,,0.76%,2614.75,38.69999999999982,-5.4699999999998
01/16/2019,2616.1,2614.75,2625.76,2612.68,,0.22%,2585.1,13.080000000000382,29.65000000000009
01/15/2019,2610.3,2585.1,2613.08,2585.1,,1.07%,2580.31,27.980000000000018,4.789999999999964
01/14/2019,2582.61,2580.31,2589.32,2570.41,,-0.53%,2588.11,18.91000000000031,-7.800000000000182
01/11/2019,2596.26,2588.11,2596.27,2577.4,,-0.01%,2573.51,18.86999999999989,14.599999999999909
01/10/2019,2596.64,2573.51,2597.82,2562.02,,0.45%,2580.0,35.80000000000018,-6.489999999999782
01/09/2019,2584.96,2580.0,2595.32,2568.89,,0.41%,2568.11,26.43000000000029,11.889999999999873
01/08/2019,2574.41,2568.11,2579.82,2547.56,,0.97%,2535.61,32.26000000000022,32.5
01/07/2019,2549.69,2535.61,2566.16,2524.56,,0.70%,2474.33,41.59999999999991,61.2800000000002
01/04/2019,2531.94,2474.33,2538.07,2474.33,,3.43%,2491.92,63.74000000000024,-17.590000000000146
01/03/2019,2447.89,2491.92,2493.14,2443.96,,-2.48%,2476.96,49.179999999999836,14.960000000000036
01/02/2019,2510.03,2476.96,2519.49,2467.47,,0.13%,2498.94,52.01999999999998,-21.980000000000018
12/31/2018,2506.85,2498.94,2509.24,2482.82,,0.85%,2498.77,26.419999999999618,0.17000000000007276
12/28/2018,2485.74,2498.77,2520.27,2472.89,,-0.12%,2442.5,47.38000000000011,56.26999999999998
12/27/2018,2488.83,2442.5,2489.1,2397.94,,0.86%,2363.12,91.15999999999985,79.38000000000011
12/26/2018,2467.7,2363.12,2467.76,2346.58,,4.96%,2400.56,121.18000000000029,-37.440000000000055
12/24/2018,2351.1,2400.56,2410.34,2351.1,,-2.71%,2465.38,59.24000000000024,-64.82000000000016
12/21/2018,2416.62,2465.38,2504.41,2408.55,,-2.06%,2496.77,95.85999999999967,-31.389999999999873
12/20/2018,2467.42,2496.77,2509.63,2441.18,,-1.58%,2547.05,68.45000000000027,-50.2800000000002
12/19/2018,2506.96,2547.05,2585.29,2488.96,,-1.54%,2559.9,96.32999999999993,-12.849999999999909
12/18/2018,2546.16,2559.9,2573.99,2528.71,,0.01%,2590.75,45.279999999999745,-30.84999999999991
12/17/2018,2545.94,2590.75,2601.13,2530.54,,-2.08%,2629.68,70.59000000000015,-38.929999999999836
12/14/2018,2599.95,2629.68,2635.07,2593.84,,-1.91%,2658.7,41.23000000000002,-29.019999999999982
12/13/2018,2650.54,2658.7,2670.19,2637.27,,-0.02%,2658.23,32.92000000000007,0.4699999999997999
12/12/2018,2651.07,2658.23,2685.44,2650.26,,0.54%,2664.44,35.179999999999836,-6.210000000000036
12/11/2018,2636.78,2664.44,2674.35,2621.3,,-0.04%,2630.86,53.04999999999973,33.57999999999993
12/10/2018,2637.72,2630.86,2647.51,2583.23,,0.18%,2691.26,64.2800000000002,-60.40000000000009
12/07/2018,2633.08,2691.26,2708.54,2623.14,,-2.33%,2663.51,85.40000000000009,27.75
12/06/2018,2695.95,2663.51,2696.15,2621.53,,-0.15%,2782.43,74.61999999999989,-118.91999999999962
12/04/2018,2700.06,2782.43,2785.93,2697.18,,-3.24%,2790.5,88.75,-8.070000000000164
12/03/2018,2790.37,2790.5,2800.18,2773.38,,1.09%,2737.76,26.799999999999727,52.73999999999978
11/30/2018,2760.17,2737.76,2760.88,2732.76,,0.82%,2736.97,28.11999999999989,0.7900000000004184
11/29/2018,2737.76,2736.97,2753.75,2722.94,,-0.22%,2691.45,30.809999999999945,45.51999999999998
11/28/2018,2743.79,2691.45,2744.0,2684.38,,2.30%,2663.75,59.61999999999989,27.699999999999818
11/27/2018,2682.17,2663.75,2682.53,2655.89,,0.33%,2649.97,26.640000000000327,13.7800000000002
11/26/2018,2673.45,2649.97,2674.35,2649.97,,1.55%,2633.36,24.38000000000011,16.609999999999673
11/23/2018,2632.56,2633.36,2647.55,2631.09,,-0.66%,2657.74,16.460000000000036,-24.379999999999654
11/21/2018,2649.93,2657.74,2670.73,2649.82,,0.30%,2654.6,20.909999999999854,3.1399999999998727
11/20/2018,2641.89,2654.6,2669.44,2631.52,,-1.82%,2730.74,37.92000000000007,-76.13999999999987
11/19/2018,2690.73,2730.74,2733.16,2681.09,,-1.66%,2718.54,52.06999999999971,12.199999999999818
11/16/2018,2736.27,2718.54,2746.75,2712.16,,0.22%,2693.52,34.590000000000146,25.019999999999982
11/15/2018,2730.2,2693.52,2735.38,2670.75,,1.06%,2737.9,64.63000000000011,-44.38000000000011
11/14/2018,2701.58,2737.9,2746.8,2685.75,,-0.76%,2730.05,61.05000000000018,7.849999999999909
11/13/2018,2722.18,2730.05,2754.6,2714.98,,-0.15%,2773.93,39.61999999999989,-43.879999999999654
11/12/2018,2726.22,2773.93,2775.99,2722.0,,-1.97%,2794.1,53.98999999999978,-20.170000000000073
11/09/2018,2781.01,2794.1,2794.1,2764.24,,-0.92%,2806.38,29.860000000000127,-12.2800000000002
11/08/2018,2806.83,2806.38,2814.75,2794.99,,-0.25%,2774.13,19.76000000000022,32.25
11/07/2018,2813.89,2774.13,2815.15,2774.13,,2.12%,2738.4,41.01999999999998,35.73000000000002
11/06/2018,2755.45,2738.4,2756.82,2737.08,,0.63%,2726.37,19.740000000000236,12.0300000000002
11/05/2018,2738.31,2726.37,2744.27,2717.94,,0.56%,2745.45,26.329999999999927,-19.079999999999927
11/02/2018,2723.06,2745.45,2756.55,2700.44,,-0.63%,2717.58,56.11000000000013,27.86999999999989
11/01/2018,2740.37,2717.58,2741.67,2708.85,,1.06%,2705.6,32.820000000000164,11.980000000000018
10/31/2018,2711.74,2705.6,2736.69,2705.6,,1.09%,2640.68,31.090000000000146,64.92000000000007
10/30/2018,2682.63,2640.68,2685.43,2635.34,,1.57%,2682.65,50.08999999999969,-41.970000000000255
10/29/2018,2641.25,2682.65,2706.85,2603.54,,-0.66%,2667.86,103.30999999999995,14.789999999999964
10/26/2018,2658.69,2667.86,2692.38,2628.16,,-1.73%,2674.88,64.22000000000025,-7.019999999999982
10/25/2018,2705.57,2674.88,2722.7,2667.84,,1.86%,2737.87,54.85999999999967,-62.98999999999978
10/24/2018,2656.1,2737.87,2742.59,2651.89,,-3.09%,2721.03,90.70000000000027,16.83999999999969
10/23/2018,2740.69,2721.03,2753.59,2691.43,,-0.55%,2773.94,62.16000000000031,-52.909999999999854
10/22/2018,2755.88,2773.94,2778.94,2749.22,,-0.43%,2775.66,29.720000000000255,-1.7199999999998
10/19/2018,2767.78,2775.66,2797.77,2760.27,,-0.04%,2802.0,37.5,-26.340000000000146
10/18/2018,2768.78,2802.0,2806.04,2755.18,,-1.44%,2811.67,50.86000000000013,-9.670000000000073
10/17/2018,2809.21,2811.67,2816.94,2781.81,,-0.03%,2767.05,35.13000000000011,44.61999999999989
10/16/2018,2809.92,2767.05,2813.46,2766.91,,2.15%,2763.83,46.55000000000018,3.2200000000002547
10/15/2018,2750.79,2763.83,2775.99,2749.03,,-0.59%,2770.54,26.95999999999958,-6.710000000000036
10/12/2018,2767.13,2770.54,2775.77,2729.44,,1.42%,2776.87,46.32999999999993,-6.329999999999927
10/11/2018,2728.37,2776.87,2795.14,2710.51,,-2.06%,2873.9,84.62999999999965,-97.0300000000002
10/10/2018,2785.68,2873.9,2874.02,2784.86,,-3.29%,2882.51,89.15999999999985,-8.610000000000127
10/09/2018,2880.34,2882.51,2894.83,2874.27,,-0.14%,2877.53,20.559999999999945,4.980000000000018
10/08/2018,2884.43,2877.53,2889.45,2862.08,,-0.04%,2902.54,27.36999999999989,-25.009999999999764
10/05/2018,2885.57,2902.54,2909.64,2869.29,,-0.55%,2919.35,40.34999999999991,-16.809999999999945
10/04/2018,2901.61,2919.35,2919.78,2883.92,,-0.82%,2931.69,35.86000000000013,-12.340000000000146
10/03/2018,2925.51,2931.69,2939.86,2921.36,,0.07%,2923.8,18.5,7.889999999999873
10/02/2018,2923.43,2923.8,2931.42,2919.37,,-0.04%,2926.29,12.050000000000182,-2.4899999999997817
10/01/2018,2924.59,2926.29,2937.06,2917.91,,0.36%,2910.03,19.15000000000009,16.259999999999764
09/28/2018,2913.98,2910.03,2920.53,2907.5,,0.00%,2911.65,13.0300000000002,-1.6199999999998909
09/27/2018,2914.0,2911.65,2927.22,2909.27,,0.28%,2916.98,17.949999999999818,-5.329999999999927
09/26/2018,2905.97,2916.98,2931.15,2903.28,,-0.33%,2921.75,27.86999999999989,-4.769999999999982
09/25/2018,2915.56,2921.75,2923.95,2913.7,,-0.13%,2921.83,10.25,-0.07999999999992724
09/24/2018,2919.37,2921.83,2923.79,2912.63,,-0.35%,2936.76,11.159999999999854,-14.930000000000291
09/21/2018,2929.67,2936.76,2940.91,2927.11,,-0.04%,2919.73,13.799999999999727,17.0300000000002
09/20/2018,2930.75,2919.73,2934.8,2919.73,,0.78%,2906.6,15.070000000000164,13.13000000000011
09/19/2018,2907.95,2906.6,2912.36,2903.82,,0.13%,2890.74,8.539999999999964,15.860000000000127
09/18/2018,2904.31,2890.74,2911.17,2890.43,,0.54%,2903.83,20.740000000000236,-13.090000000000146
09/17/2018,2888.8,2903.83,2904.65,2886.16,,-0.56%,2906.38,18.490000000000236,-2.550000000000182
09/14/2018,2904.98,2906.38,2908.3,2895.77,,0.03%,2896.85,12.5300000000002,9.5300000000002
09/13/2018,2904.18,2896.85,2906.76,2896.39,,0.53%,2888.29,10.370000000000346,8.559999999999945
09/12/2018,2888.92,2888.29,2894.65,2879.2,,0.04%,2871.57,15.450000000000273,16.7199999999998
09/11/2018,2887.89,2871.57,2892.52,2866.78,,0.37%,2881.39,25.73999999999978,-9.819999999999709
09/10/2018,2877.13,2881.39,2886.93,2875.94,,0.19%,2868.26,10.989999999999782,13.129999999999654
09/07/2018,2871.68,2868.26,2883.81,2864.12,,-0.22%,2888.64,19.690000000000055,-20.379999999999654
09/06/2018,2878.05,2888.64,2892.05,2867.29,,-0.37%,2891.59,24.76000000000022,-2.950000000000273
09/05/2018,2888.6,2891.59,2894.21,2876.92,,-0.28%,2896.96,17.289999999999964,-5.369999999999891
09/04/2018,2896.72,2896.96,2900.18,2885.13,,-0.17%,2898.37,15.049999999999727,-1.4099999999998545
08/31/2018,2901.52,2898.37,2906.32,2891.73,,0.01%,2908.94,14.590000000000146,-10.570000000000164
08/30/2018,2901.13,2908.94,2912.46,2895.22,,-0.44%,2900.62,17.240000000000236,8.320000000000164
08/29/2018,2914.04,2900.62,2916.5,2898.4,,0.57%,2901.45,18.09999999999991,-0.8299999999999272
08/28/2018,2897.52,2901.45,2903.77,2893.5,,0.03%,2884.69,10.269999999999982,16.759999999999764
08/27/2018,2896.74,2884.69,2898.25,2884.69,,0.77%,2862.35,13.559999999999945,22.340000000000146
08/24/2018,2874.69,2862.35,2876.16,2862.35,,0.62%,2860.29,13.809999999999945,2.0599999999999454
08/23/2018,2856.98,2860.29,2868.78,2854.03,,-0.17%,2860.99,14.75,-0.6999999999998181
08/22/2018,2861.82,2860.99,2867.54,2856.05,,-0.04%,2861.51,11.489999999999782,-0.5200000000004366
08/21/2018,2862.96,2861.51,2873.23,2861.32,,0.21%,2853.93,11.909999999999854,7.580000000000382
08/20/2018,2857.05,2853.93,2859.76,2850.62,,0.24%,2838.32,9.140000000000327,15.609999999999673
08/17/2018,2850.13,2838.32,2855.63,2833.73,,0.33%,2831.44,21.90000000000009,6.880000000000109
08/16/2018,2840.69,2831.44,2850.49,2831.44,,0.79%,2827.95,19.049999999999727,3.4900000000002365
08/15/2018,2818.37,2827.95,2827.95,2802.49,,-0.76%,2827.88,25.460000000000036,0.06999999999970896
08/14/2018,2839.96,2827.88,2843.11,2826.58,,0.64%,2835.46,16.5300000000002,-7.579999999999927
08/13/2018,2821.93,2835.46,2843.4,2819.88,,-0.40%,2839.64,23.519999999999982,-4.179999999999836
08/10/2018,2833.28,2839.64,2842.2,2825.81,,-0.71%,2857.19,16.389999999999873,-17.550000000000182
08/09/2018,2853.58,2857.19,2862.48,2851.98,,-0.14%,2856.79,10.5,0.40000000000009095
08/08/2018,2857.7,2856.79,2862.44,2853.09,,-0.03%,2855.92,9.349999999999909,0.8699999999998909
08/07/2018,2858.45,2855.92,2863.43,2855.92,,0.28%,2840.29,7.5099999999997635,15.63000000000011
08/06/2018,2850.4,2840.29,2853.29,2835.98,,0.35%,2829.62,17.309999999999945,10.670000000000073
08/03/2018,2840.35,2829.62,2840.38,2827.37,,0.46%,2800.48,13.010000000000218,29.139999999999873
08/02/2018,2827.22,2800.48,2829.91,2796.34,,0.49%,2821.17,33.56999999999971,-20.690000000000055
08/01/2018,2813.36,2821.17,2825.83,2805.85,,-0.10%,2809.73,19.980000000000018,11.440000000000055
07/31/2018,2816.29,2809.73,2824.46,2808.06,,0.49%,2819.0,16.40000000000009,-9.269999999999982
07/30/2018,2802.6,2819.0,2821.74,2798.11,,-0.58%,2842.35,23.629999999999654,-23.34999999999991
07/27/2018,2818.82,2842.35,2843.17,2808.34,,-0.66%,2835.49,34.82999999999993,6.860000000000127
07/26/2018,2837.44,2835.49,2845.57,2835.26,,-0.30%,2817.73,10.309999999999945,17.759999999999764
07/25/2018,2846.07,2817.73,2848.03,2817.73,,0.91%,2820.68,30.300000000000182,-2.949999999999818
07/24/2018,2820.4,2820.68,2829.99,2811.12,,0.48%,2799.17,18.86999999999989,21.509999999999764
07/23/2018,2806.98,2799.17,2808.61,2795.14,,0.18%,2804.55,13.470000000000255,-5.380000000000109
07/20/2018,2801.83,2804.55,2809.7,2800.01,,-0.09%,2809.37,9.6899999999996,-4.819999999999709
07/19/2018,2804.49,2809.37,2812.05,2799.77,,-0.40%,2811.35,12.2800000000002,-1.9800000000000182
07/18/2018,2815.62,2811.35,2816.76,2805.89,,0.22%,2789.34,10.870000000000346,22.009999999999764
07/17/2018,2809.55,2789.34,2814.19,2789.24,,0.40%,2801.43,24.950000000000273,-12.08999999999969
07/16/2018,2798.43,2801.43,2803.71,2793.39,,-0.10%,2796.93,10.320000000000164,4.5
07/13/2018,2801.31,2796.93,2804.53,2791.69,,0.11%,2783.14,12.840000000000146,13.789999999999964
07/12/2018,2798.29,2783.14,2799.22,2781.53,,0.87%,2779.82,17.6899999999996,3.319999999999709
07/11/2018,2774.02,2779.82,2785.91,2770.77,,-0.71%,2788.56,15.139999999999873,-8.739999999999782
07/10/2018,2793.84,2788.56,2795.58,2786.24,,0.35%,2768.51,9.340000000000146,20.049999999999727
07/09/2018,2784.17,2768.51,2784.65,2768.51,,0.88%,2737.68,16.139999999999873,30.830000000000382
07/06/2018,2759.82,2737.68,2764.41,2733.52,,0.85%,2724.19,30.889999999999873,13.489999999999782
07/05/2018,2736.61,2724.19,2737.83,2716.02,,0.86%,2733.27,21.809999999999945,-9.079999999999927
07/03/2018,2713.22,2733.27,2736.58,2711.16,,-0.49%,2704.95,25.420000000000073,28.320000000000164
07/02/2018,2726.71,2704.95,2727.26,2698.95,,0.31%,2727.13,28.3100000000004,-22.18000000000029
06/29/2018,2718.37,2727.13,2743.26,2718.03,,0.08%,2698.69,25.230000000000018,28.440000000000055
06/28/2018,2716.31,2698.69,2724.34,2691.99,,0.62%,2728.45,32.350000000000364,-29.759999999999764
06/27/2018,2699.63,2728.45,2746.09,2699.38,,-0.86%,2722.12,46.710000000000036,6.329999999999927
06/26/2018,2723.06,2722.12,2732.91,2715.6,,0.22%,2742.94,17.309999999999945,-20.820000000000164
06/25/2018,2717.07,2742.94,2742.94,2698.67,,-1.37%,2760.79,44.26999999999998,-17.84999999999991
06/22/2018,2754.88,2760.79,2764.17,2752.68,,0.19%,2769.28,11.490000000000236,-8.490000000000236
06/21/2018,2749.76,2769.28,2769.28,2744.39,,-0.63%,2769.73,24.890000000000327,-0.4499999999998181
06/20/2018,2767.32,2769.73,2774.86,2763.91,,0.17%,2752.01,10.950000000000273,17.7199999999998
06/19/2018,2762.59,2752.01,2765.05,2743.19,,-0.40%,2765.79,21.860000000000127,-13.779999999999745
06/18/2018,2773.75,2765.79,2774.99,2757.12,,-0.21%,2777.78,17.86999999999989,-11.990000000000236
06/15/2018,2779.66,2777.78,2782.81,2761.73,,-0.10%,2783.21,21.079999999999927,-5.429999999999836
06/14/2018,2782.49,2783.21,2789.06,2776.52,,0.25%,2787.94,12.539999999999964,-4.730000000000018
06/13/2018,2775.63,2787.94,2791.47,2774.65,,-0.40%,2785.6,16.81999999999971,2.3400000000001455
06/12/2018,2786.85,2785.6,2789.8,2778.78,,0.17%,2780.18,11.019999999999982,5.420000000000073
06/11/2018,2782.0,2780.18,2790.21,2780.17,,0.11%,2765.84,10.039999999999964,14.33999999999969
06/08/2018,2779.03,2765.84,2779.39,2763.59,,0.31%,2774.84,15.799999999999727,-9.0
06/07/2018,2770.37,2774.84,2779.9,2760.16,,-0.07%,2753.25,19.740000000000236,21.590000000000146
06/06/2018,2772.35,2753.25,2772.39,2748.46,,0.86%,2748.46,23.929999999999836,4.789999999999964
06/05/2018,2748.8,2748.46,2752.61,2739.51,,0.07%,2741.67,13.099999999999909,6.789999999999964
06/04/2018,2746.87,2741.67,2749.16,2740.54,,0.45%,2718.7,8.61999999999989,22.970000000000255
06/01/2018,2734.62,2718.7,2736.93,2718.7,,1.08%,2720.98,18.230000000000018,-2.2800000000002
05/31/2018,2705.27,2720.98,2722.5,2700.68,,-0.69%,2702.43,21.820000000000164,18.550000000000182
05/30/2018,2724.01,2702.43,2729.34,2702.43,,1.27%,2705.11,26.91000000000031,-2.680000000000291
05/29/2018,2689.86,2705.11,2710.67,2676.81,,-1.16%,2723.6,33.86000000000013,-18.48999999999978
05/25/2018,2721.33,2723.6,2727.36,2714.99,,-0.24%,2730.94,12.370000000000346,-7.3400000000001455
05/24/2018,2727.76,2730.94,2731.97,2707.38,,-0.20%,2713.98,24.58999999999969,16.960000000000036
05/23/2018,2733.29,2713.98,2733.33,2709.54,,0.32%,2738.34,23.789999999999964,-24.360000000000127
05/22/2018,2724.44,2738.34,2742.24,2721.88,,-0.31%,2725.95,20.359999999999673,12.390000000000327
05/21/2018,2733.01,2725.95,2739.19,2725.7,,0.74%,2717.35,13.490000000000236,8.599999999999909
05/18/2018,2712.97,2717.35,2719.5,2709.18,,-0.26%,2719.71,10.320000000000164,-2.3600000000001273
05/17/2018,2720.13,2719.71,2731.96,2711.36,,-0.09%,2712.62,20.59999999999991,7.0900000000001455
05/16/2018,2722.46,2712.62,2727.76,2712.17,,0.41%,2718.59,15.590000000000146,-5.970000000000255
05/15/2018,2711.45,2718.59,2718.59,2701.91,,-0.68%,2733.37,16.68000000000029,-14.779999999999745
05/14/2018,2730.13,2733.37,2742.1,2725.47,,0.09%,2722.7,16.63000000000011,10.670000000000073
05/11/2018,2727.72,2722.7,2732.86,2717.45,,0.17%,2705.02,15.41000000000031,17.679999999999836
05/10/2018,2723.07,2705.02,2726.11,2704.54,,0.94%,2678.12,21.570000000000164,26.90000000000009
05/09/2018,2697.79,2678.12,2701.27,2674.14,,0.97%,2670.26,27.13000000000011,7.859999999999673
05/08/2018,2671.92,2670.26,2676.34,2655.2,,-0.03%,2669.36,21.140000000000327,0.900000000000091
05/07/2018,2672.63,2669.36,2683.35,2664.7,,0.35%,2621.45,18.65000000000009,47.91000000000031
05/04/2018,2663.42,2621.45,2670.93,2615.32,,1.28%,2628.08,55.60999999999967,-6.630000000000109
05/03/2018,2629.73,2628.08,2637.14,2594.62,,-0.23%,2654.24,42.51999999999998,-26.159999999999854
05/02/2018,2635.67,2654.24,2660.87,2631.7,,-0.72%,2643.64,29.170000000000073,10.599999999999909
05/01/2018,2654.8,2643.64,2655.27,2625.41,,0.25%,2675.05,29.860000000000127,-31.41000000000031
04/30/2018,2648.05,2675.05,2682.92,2648.04,,-0.82%,2675.47,34.88000000000011,-0.419999999999618
04/27/2018,2669.91,2675.47,2677.35,2659.01,,0.11%,2651.65,18.33999999999969,23.81999999999971
04/26/2018,2666.94,2651.65,2676.48,2647.16,,1.04%,2634.92,29.320000000000164,16.730000000000018
04/25/2018,2639.4,2634.92,2645.3,2612.67,,0.18%,2680.8,32.63000000000011,-45.88000000000011
04/24/2018,2634.56,2680.8,2683.55,2617.32,,-1.34%,2675.4,66.23000000000002,5.400000000000091
04/23/2018,2670.29,2675.4,2682.86,2657.99,,0.01%,2692.56,24.870000000000346,-17.159999999999854
04/20/2018,2670.14,2692.56,2693.94,2660.61,,-0.85%,2701.16,33.32999999999993,-8.599999999999909
04/19/2018,2693.13,2701.16,2702.84,2681.9,,-0.57%,2710.11,20.940000000000055,-8.950000000000273
04/18/2018,2708.64,2710.11,2717.49,2703.63,,0.08%,2692.74,13.859999999999673,17.370000000000346
04/17/2018,2706.39,2692.74,2713.34,2692.05,,1.07%,2670.1,21.289999999999964,22.639999999999873
04/16/2018,2677.84,2670.1,2686.49,2665.16,,0.81%,2676.9,21.329999999999927,-6.800000000000182
04/13/2018,2656.3,2676.9,2680.26,2645.05,,-0.29%,2653.83,35.210000000000036,23.070000000000164
04/12/2018,2663.99,2653.83,2674.72,2653.83,,0.83%,2643.89,20.889999999999873,9.940000000000055
04/11/2018,2642.19,2643.89,2661.43,2639.25,,-0.55%,2638.41,22.179999999999836,5.480000000000018
04/10/2018,2656.87,2638.41,2665.45,2635.78,,1.67%,2617.18,29.669999999999618,21.230000000000018
04/09/2018,2613.16,2617.18,2653.55,2610.79,,0.33%,2645.82,42.76000000000022,-28.640000000000327
04/06/2018,2604.47,2645.82,2656.88,2586.27,,-2.19%,2657.36,70.61000000000013,-11.539999999999964
04/05/2018,2662.84,2657.36,2672.08,2649.58,,0.69%,2584.04,22.5,73.32000000000016
04/04/2018,2644.69,2584.04,2649.86,2573.61,,1.16%,2592.17,76.25,-8.13000000000011
04/03/2018,2614.45,2592.17,2619.14,2575.49,,1.26%,2633.45,43.65000000000009,-41.279999999999745
04/02/2018,2581.88,2633.45,2638.3,2553.8,,-2.23%,2614.41,84.5,19.039999999999964
03/29/2018,2640.87,2614.41,2659.07,2609.72,,1.38%,2611.3,49.350000000000364,3.1099999999996726
03/28/2018,2605.0,2611.3,2632.65,2593.06,,-0.29%,2667.57,39.590000000000146,-56.26999999999998
03/27/2018,2612.62,2667.57,2674.78,2596.12,,-1.73%,2619.35,78.66000000000031,48.220000000000255
03/26/2018,2658.55,2619.35,2661.36,2601.81,,2.72%,2646.71,59.55000000000018,-27.360000000000127
03/23/2018,2588.26,2646.71,2657.67,2585.89,,-2.10%,2691.36,71.7800000000002,-44.65000000000009
03/22/2018,2643.69,2691.36,2695.68,2641.59,,-2.52%,2714.99,54.08999999999969,-23.629999999999654
03/21/2018,2711.93,2714.99,2739.14,2709.79,,-0.18%,2715.05,29.34999999999991,-0.06000000000040018
03/20/2018,2716.94,2715.05,2724.22,2710.05,,0.15%,2741.38,14.169999999999618,-26.329999999999927
03/19/2018,2712.92,2741.38,2741.38,2694.59,,-1.42%,2750.57,46.789999999999964,-9.190000000000055
03/16/2018,2752.01,2750.57,2761.85,2749.97,,0.17%,2754.27,11.88000000000011,-3.699999999999818
03/15/2018,2747.33,2754.27,2763.03,2741.47,,-0.08%,2774.06,21.5600000000004,-19.789999999999964
03/14/2018,2749.48,2774.06,2777.11,2744.38,,-0.57%,2792.31,32.73000000000002,-18.25
03/13/2018,2765.31,2792.31,2801.9,2758.68,,-0.64%,2790.54,43.220000000000255,1.7699999999999818
03/12/2018,2783.02,2790.54,2796.98,2779.26,,-0.13%,2752.91,17.7199999999998,37.63000000000011
03/09/2018,2786.57,2752.91,2786.57,2751.54,,1.74%,2732.75,35.0300000000002,20.159999999999854
03/08/2018,2738.97,2732.75,2740.45,2722.65,,0.45%,2710.18,17.799999999999727,22.570000000000164
03/07/2018,2726.8,2710.18,2730.6,2701.74,,-0.05%,2730.18,28.860000000000127,-20.0
03/06/2018,2728.12,2730.18,2732.08,2711.26,,0.26%,2681.06,20.81999999999971,49.11999999999989
03/05/2018,2720.94,2681.06,2728.09,2675.75,,1.10%,2658.89,52.340000000000146,22.170000000000073
03/02/2018,2691.25,2658.89,2696.25,2647.32,,0.51%,2715.22,48.929999999999836,-56.32999999999993
03/01/2018,2677.67,2715.22,2730.89,2659.65,,-1.33%,2753.78,71.23999999999978,-38.5600000000004
02/28/2018,2713.83,2753.78,2761.52,2713.54,,-1.11%,2780.45,47.98000000000002,-26.669999999999618
02/27/2018,2744.28,2780.45,2789.15,2744.22,,-1.27%,2757.37,44.93000000000029,23.079999999999927
02/26/2018,2779.6,2757.37,2780.64,2753.78,,1.18%,2715.8,26.859999999999673,41.56999999999971
02/23/2018,2747.3,2715.8,2747.76,2713.74,,1.60%,2710.42,34.02000000000044,5.380000000000109
02/22/2018,2703.96,2710.42,2731.26,2697.77,,0.10%,2720.53,33.49000000000024,-10.110000000000127
02/21/2018,2701.33,2720.53,2747.75,2701.29,,-0.55%,2722.99,46.460000000000036,-2.4599999999995816
02/20/2018,2716.26,2722.99,2737.6,2706.76,,-0.58%,2727.14,30.83999999999969,-4.150000000000091
02/16/2018,2732.22,2727.14,2754.42,2725.11,,0.04%,2713.46,29.309999999999945,13.679999999999836
02/15/2018,2731.2,2713.46,2731.51,2689.82,,1.21%,2651.21,41.690000000000055,62.25
02/14/2018,2698.63,2651.21,2702.1,2648.87,,1.34%,2646.27,53.23000000000002,4.940000000000055
02/13/2018,2662.94,2646.27,2668.84,2637.08,,0.26%,2636.75,31.76000000000022,9.519999999999982
02/12/2018,2656.0,2636.75,2672.61,2622.45,,1.39%,2601.78,50.16000000000031,34.9699999999998
02/09/2018,2619.55,2601.78,2638.67,2532.69,,1.49%,2685.01,105.98000000000002,-83.23000000000002
02/08/2018,2581.0,2685.01,2685.27,2580.56,,-3.75%,2690.95,104.71000000000004,-5.9399999999996
02/07/2018,2681.66,2690.95,2727.67,2681.33,,-0.50%,2614.78,46.340000000000146,76.16999999999962
02/06/2018,2695.14,2614.78,2701.04,2593.07,,1.74%,2741.06,107.9699999999998,-126.27999999999975
02/05/2018,2648.94,2741.06,2763.39,2638.17,,-4.10%,2808.92,125.2199999999998,-67.86000000000013
02/02/2018,2762.13,2808.92,2808.92,2759.97,,-2.12%,2816.45,48.95000000000027,-7.529999999999745
02/01/2018,2821.98,2816.45,2835.96,2812.7,,-0.06%,2832.41,23.26000000000022,-15.960000000000036
01/31/2018,2823.81,2832.41,2839.26,2813.04,,0.05%,2832.74,26.220000000000255,-0.32999999999992724
01/30/2018,2822.43,2832.74,2837.75,2818.27,,-1.09%,2867.23,19.480000000000018,-34.49000000000024
01/29/2018,2853.53,2867.23,2870.62,2851.48,,-0.67%,2847.48,19.139999999999873,19.75
01/26/2018,2872.87,2847.48,2872.87,2846.18,,1.18%,2846.24,26.690000000000055,1.2400000000002365
01/25/2018,2839.25,2846.24,2848.56,2830.94,,0.06%,2845.42,17.61999999999989,0.819999999999709
01/24/2018,2837.54,2845.42,2852.97,2824.81,,-0.06%,2835.05,28.159999999999854,10.36999999999989
01/23/2018,2839.13,2835.05,2842.24,2830.59,,0.22%,2809.16,11.649999999999636,25.890000000000327
01/22/2018,2832.97,2809.16,2833.03,2808.12,,0.81%,2802.6,24.91000000000031,6.559999999999945
01/19/2018,2810.3,2802.6,2810.33,2798.08,,0.44%,2802.4,12.25,0.1999999999998181
01/18/2018,2798.03,2802.4,2805.83,2792.56,,-0.16%,2784.99,13.269999999999982,17.41000000000031
01/17/2018,2802.56,2784.99,2807.04,2778.38,,0.94%,2798.96,28.659999999999854,-13.970000000000255
01/16/2018,2776.42,2798.96,2807.54,2768.64,,-0.35%,2770.18,38.90000000000009,28.7800000000002
01/12/2018,2786.24,2770.18,2787.85,2769.64,,0.67%,2752.97,18.210000000000036,17.210000000000036
01/11/2018,2767.56,2752.97,2767.56,2752.78,,0.70%,2745.55,14.779999999999745,7.419999999999618
01/10/2018,2748.23,2745.55,2750.8,2736.06,,-0.11%,2751.15,14.740000000000236,-5.599999999999909
01/09/2018,2751.29,2751.15,2759.14,2747.86,,0.13%,2742.67,11.279999999999745,8.480000000000018
01/08/2018,2747.71,2742.67,2748.51,2737.6,,0.17%,2731.33,10.91000000000031,11.340000000000146
01/05/2018,2743.15,2731.33,2743.45,2727.92,,0.70%,2719.31,15.529999999999745,12.019999999999982
01/04/2018,2723.99,2719.31,2729.29,2719.07,,0.40%,2697.85,10.2199999999998,21.460000000000036
01/03/2018,2713.06,2697.85,2714.37,2697.77,,0.64%,2683.73,16.59999999999991,14.11999999999989
