Date,Price,Open,High,Low,Vol.,Change %,Close
01/03/2022,4786.0,4771.0,4791.25,4747.5,1320000.0,0.0058,4773.75
12/31/2021,4758.5,4773.75,4778.5,4750.5,95408000.0,-0.0029,4784.75
12/30/2021,4772.25,4784.75,4799.75,4767.25,75394000.0,-0.0026,4781.0
12/29/2021,4784.5,4781.0,4796.0,4770.0,87603000.0,0.0013,4780.5
12/28/2021,4778.5,4780.5,4798.0,4770.5,95452000.0,-0.0008,4717.0
12/27/2021,4782.25,4717.0,4784.25,4713.25,89870000.0,0.0141,4689.0
12/23/2021,4715.75,4689.0,4731.25,4684.25,97802000.0,0.0063,4641.75
12/22/2021,4686.0,4641.75,4690.5,4622.25,1100000.0,0.0098,4567.75
12/21/2021,4640.75,4567.75,4643.0,4565.75,1490000.0,0.018000000000000002,4612.0
12/20/2021,4558.5,4612.0,4621.5,4520.25,2100000.0,-0.0168,4674.25
12/17/2021,4636.46,4674.25,4677.75,4629.5,3479000.0,-0.0069,4711.5
12/16/2021,4668.75,4711.5,4752.5,4651.25,43599000.0,-0.0087,4637.75
12/15/2021,4709.5,4637.75,4715.0,4611.25,67319000.0,0.015600000000000001,4672.0
12/14/2021,4637.0,4672.0,4686.0,4606.0,1210000.0,-0.0068000000000000005,4711.25
12/13/2021,4668.75,4711.25,4731.0,4664.75,1610000.0,-0.009000000000000001,4669.25
12/10/2021,4711.0,4669.25,4712.75,4664.25,1590000.0,0.009399999999999999,4697.25
12/09/2021,4667.0,4697.25,4706.0,4662.25,1590000.0,-0.0068000000000000005,4695.25
12/08/2021,4699.0,4695.25,4712.0,4671.75,1420000.0,0.003,4594.25
12/07/2021,4685.0,4594.25,4697.25,4587.25,1770000.0,0.0207,4542.25
12/06/2021,4590.0,4542.25,4611.75,4531.5,2029999.9999999998,0.0125,4587.25
12/03/2021,4537.5,4587.25,4606.5,4492.0,2750000.0,-0.0084,4514.75
12/02/2021,4575.75,4514.75,4593.75,4505.5,2590000.0,0.0149,4587.5
12/01/2021,4508.5,4587.5,4650.75,4497.75,2670000.0,-0.0126,4657.25
11/30/2021,4566.25,4657.25,4667.5,4557.0,2850000.0,-0.0182,4589.0
11/29/2021,4651.0,4589.0,4669.75,4588.75,2009999.9999999998,0.012,4700.5
11/26/2021,4595.75,4700.5,4717.0,4577.25,2069999.9999999998,-0.0196,4699.0
11/25/2021,4687.75,4699.0,4699.5,4686.0,12244000.0,-0.0024,4686.25
11/24/2021,4699.0,4686.25,4702.25,4656.25,1410000.0,0.0022,4686.0
11/23/2021,4688.5,4686.0,4695.5,4649.0,1870000.0,0.0019,4701.0
11/22/2021,4679.75,4701.0,4740.5,4674.25,1690000.0,-0.0031,4705.25
11/19/2021,4694.5,4705.25,4723.5,4684.25,1340000.0,-0.0015,4685.25
11/18/2021,4701.5,4685.25,4706.5,4668.0,1170000.0,0.0033,4696.5
11/17/2021,4686.25,4696.5,4701.0,4679.25,1060000.0,-0.0021,4680.75
11/16/2021,4696.0,4680.75,4709.75,4670.75,1040000.0,0.0036,4684.75
11/15/2021,4679.0,4684.75,4697.5,4667.0,1050000.0,0.0002,4647.0
11/12/2021,4678.25,4647.0,4685.5,4643.75,1160000.0,0.0076,4645.0
11/11/2021,4643.0,4645.0,4661.5,4638.0,93686000.0,0.0002,4674.75
11/10/2021,4642.0,4674.75,4680.25,4625.25,1640000.0,-0.0077,4690.75
11/09/2021,4678.25,4690.75,4700.5,4663.25,1290000.0,-0.0034000000000000002,4678.5
11/08/2021,4694.0,4678.5,4707.0,4676.25,1000000.0,0.0008,4671.75
11/05/2021,4690.25,4671.75,4711.75,4667.5,1460000.0,0.0036,4651.5
11/04/2021,4673.25,4651.5,4676.25,4650.75,1170000.0,0.0045000000000000005,4621.25
11/03/2021,4652.25,4621.25,4657.0,4613.0,1070000.0,0.0062,4605.75
11/02/2021,4623.5,4605.75,4627.0,4593.25,98083000.0,0.0039000000000000003,4608.0
11/01/2021,4605.75,4608.0,4619.5,4586.5,1070000.0,0.0019,4577.0
10/29/2021,4597.0,4577.0,4603.5,4559.25,1420000.0,0.0021,4548.75
10/28/2021,4587.5,4548.75,4589.75,4545.25,1200000.0,0.0095,4563.75
10/27/2021,4544.5,4563.75,4576.75,4543.75,1260000.0,-0.0045000000000000005,4564.75
10/26/2021,4565.25,4564.75,4590.0,4560.75,1260000.0,0.0016,4528.75
10/25/2021,4558.0,4528.75,4566.25,4522.5,1030000.0,0.004699999999999999,4530.0
10/22/2021,4536.5,4530.0,4551.5,4515.25,1320000.0,-0.0012,4525.0
10/21/2021,4541.75,4525.0,4543.25,4510.25,93857000.0,0.003,4516.0
10/20/2021,4528.0,4516.0,4532.25,4504.0,1010000.0,0.0037,4475.75
10/19/2021,4511.25,4475.75,4517.5,4471.75,1020000.0,0.0075,4465.5
10/18/2021,4477.5,4465.5,4479.75,4436.25,1100000.0,0.0034000000000000002,4433.0
10/15/2021,4462.5,4433.0,4467.5,4426.25,1190000.0,0.0076,4354.75
10/14/2021,4429.0,4354.75,4437.25,4354.0,1260000.0,0.017,4327.5
10/13/2021,4355.0,4327.5,4364.75,4318.75,1370000.0,0.0033,4347.75
10/12/2021,4340.75,4347.75,4365.0,4317.25,1300000.0,-0.0024,4381.0
10/11/2021,4351.0,4381.0,4407.5,4344.0,1250000.0,-0.0070999999999999995,4390.5
10/08/2021,4382.25,4390.5,4407.75,4376.25,1430000.0,-0.0018,4355.25
10/07/2021,4390.0,4355.25,4421.5,4355.0,1410000.0,0.0083,4334.0
10/06/2021,4354.0,4334.0,4357.5,4273.75,2200000.0,0.0046,4295.75
10/05/2021,4334.0,4295.75,4359.75,4269.0,1650000.0,0.01,4349.0
10/04/2021,4291.25,4349.0,4362.0,4267.5,2140000.0,-0.0121,4301.0
10/01/2021,4343.75,4301.0,4365.75,4260.0,2270000.0,0.010700000000000001,4360.0
09/30/2021,4297.75,4360.0,4389.0,4294.25,2370000.0,-0.012,4347.5
09/29/2021,4349.75,4347.5,4378.75,4344.25,1820000.0,0.0014000000000000002,4429.75
09/28/2021,4343.5,4429.75,4442.0,4334.75,2310000.0,-0.0202,4446.0
09/27/2021,4433.0,4446.0,4472.0,4425.0,1310000.0,-0.0029,4439.0
09/24/2021,4445.75,4439.0,4453.0,4410.75,1180000.0,0.0017000000000000001,4386.0
09/23/2021,4438.0,4386.0,4455.0,4385.75,1450000.0,0.0123,4336.5
09/22/2021,4384.0,4336.5,4406.5,4321.25,1770000.0,0.009399999999999999,4342.5
09/21/2021,4343.25,4342.5,4395.75,4329.25,1940000.0,-0.0011,4411.75
09/20/2021,4348.25,4411.75,4418.0,4293.75,2710000.0,-0.026000000000000002,4471.0
09/17/2021,4464.33,4471.0,4482.5,4459.0,2414000.0,-0.0022,4486.0
09/16/2021,4474.25,4486.0,4487.5,4443.0,26802999.999999996,-0.0017000000000000001,4446.75
09/15/2021,4481.75,4446.75,4487.5,4437.5,51899000.0,0.0084,4475.5
09/14/2021,4444.5,4475.5,4489.5,4435.0,89379000.0,-0.0055000000000000005,4461.0
09/13/2021,4469.0,4461.0,4492.75,4444.75,1530000.0,0.0018,4491.25
09/10/2021,4458.25,4491.25,4518.25,4456.5,1720000.0,-0.0076,4511.0
09/09/2021,4492.25,4511.0,4529.5,4485.5,1700000.0,-0.0045000000000000005,4517.5
09/08/2021,4512.5,4517.5,4524.75,4492.0,1610000.0,-0.0015,4533.0
09/07/2021,4519.25,4533.0,4548.0,4510.75,1280000.0,-0.0046,4528.75
09/06/2021,4540.0,4528.75,4548.0,4523.75,12507000.0,0.0025,4533.75
09/05/2021,4528.75,4533.75,4534.75,4528.5,603000.0,-0.0011,4536.75
09/03/2021,4534.5,4536.75,4549.5,4519.25,1160000.0,-0.0002,4522.5
09/02/2021,4535.25,4522.5,4544.0,4516.0,1020000.0,0.0031,4527.75
09/01/2021,4521.25,4527.75,4540.0,4519.25,1060000.0,0.0002,4529.5
08/31/2021,4520.5,4529.5,4542.25,4512.5,1380000.0,-0.001,4508.75
08/30/2021,4525.25,4508.75,4534.5,4500.75,97581000.0,0.0039000000000000003,4470.0
08/27/2021,4505.5,4470.0,4510.0,4462.25,1220000.0,0.0087,4493.75
08/26/2021,4466.5,4493.75,4494.25,4465.0,1310000.0,-0.0059,4483.5
08/25/2021,4493.0,4483.5,4498.0,4476.25,80111000.0,0.0023,4481.0
08/24/2021,4482.5,4481.0,4492.0,4476.75,78750000.0,0.0016,4435.0
08/23/2021,4475.5,4435.0,4485.75,4433.5,99703000.0,0.0086,4403.75
08/20/2021,4437.0,4403.75,4440.5,4371.75,1330000.0,0.008100000000000001,4389.75
08/19/2021,4401.5,4389.75,4414.75,4347.75,1920000.0,0.0016,4436.75
08/18/2021,4394.5,4436.75,4449.75,4381.5,1550000.0,-0.011000000000000001,4472.0
08/17/2021,4443.5,4472.0,4472.25,4411.75,1790000.0,-0.0068000000000000005,4456.25
08/16/2021,4474.0,4456.25,4476.5,4432.5,1240000.0,0.0032,4455.75
08/13/2021,4462.5,4455.75,4463.25,4451.0,78910000.0,0.0018,4440.0
08/12/2021,4454.5,4440.0,4456.25,4430.25,85053000.0,0.0032,4429.25
08/11/2021,4440.5,4429.25,4443.25,4420.75,1000000.0,0.0024,4427.25
08/10/2021,4430.0,4427.25,4438.25,4416.5,95032000.0,0.001,4428.0
08/09/2021,4425.75,4428.0,4432.0,4412.25,78973000.0,-0.0008,4420.25
08/06/2021,4429.5,4420.25,4433.25,4416.0,95105000.0,0.0018,4396.25
08/05/2021,4421.5,4396.25,4422.75,4393.75,76334000.0,0.0060999999999999995,4409.75
08/04/2021,4394.75,4409.75,4415.0,4391.25,1050000.0,-0.0046,4383.75
08/03/2021,4415.0,4383.75,4417.0,4365.25,1300000.0,0.008,4396.5
08/02/2021,4379.75,4396.5,4419.75,4377.25,1190000.0,-0.0034999999999999996,4394.25
07/30/2021,4389.5,4394.25,4405.0,4370.75,1380000.0,-0.005,4393.75
07/29/2021,4411.75,4393.75,4422.5,4380.5,1010000.0,0.0040999999999999995,4380.0
07/28/2021,4393.75,4380.0,4407.75,4377.5,1220000.0,-0.0002,4415.75
07/27/2021,4394.5,4415.75,4416.0,4364.75,1580000.0,-0.0045000000000000005,4400.5
07/26/2021,4414.25,4400.5,4416.75,4375.5,93863000.0,0.0026,4371.5
07/23/2021,4403.0,4371.5,4408.25,4367.25,1170000.0,0.01,4355.0
07/22/2021,4359.5,4355.0,4371.5,4341.5,98197000.0,0.0021,4318.75
07/21/2021,4350.5,4318.75,4355.25,4310.0,1190000.0,0.008100000000000001,4262.75
07/20/2021,4315.5,4262.75,4329.0,4252.75,1840000.0,0.0151,4320.0
07/19/2021,4251.25,4320.0,4320.75,4224.0,2600000.0,-0.015600000000000001,4347.75
07/16/2021,4318.5,4347.75,4368.0,4314.25,1640000.0,-0.0077,4366.5
07/15/2021,4352.0,4366.5,4370.25,4332.5,1610000.0,-0.0036,4359.5
07/14/2021,4367.75,4359.5,4384.5,4350.0,1310000.0,0.0015,4377.0
07/13/2021,4361.25,4377.0,4383.75,4356.5,1250000.0,-0.0034999999999999996,4362.0
07/12/2021,4376.5,4362.0,4379.25,4341.75,1060000.0,0.0038,4310.25
07/09/2021,4360.0,4310.25,4364.0,4293.25,1310000.0,0.0109,4352.25
07/08/2021,4313.0,4352.25,4352.25,4279.25,1990000.0,-0.0084,4328.0
07/07/2021,4349.75,4328.0,4353.25,4320.25,1220000.0,0.0036,4341.0
07/06/2021,4334.0,4341.0,4348.0,4305.25,1370000.0,-0.0028000000000000004,4309.75
07/02/2021,4342.75,4309.75,4347.0,4308.0,99978000.0,0.0074,4294.25
07/01/2021,4310.75,4294.25,4312.0,4286.0,98519000.0,0.0052,4284.75
06/30/2021,4288.5,4284.75,4294.25,4269.25,1100000.0,0.0015,4280.5
06/29/2021,4282.0,4280.5,4291.0,4271.75,74147000.0,0.0004,4275.0
06/28/2021,4280.5,4275.0,4282.0,4264.25,82372000.0,0.0022,4262.0
06/25/2021,4271.25,4262.0,4276.75,4253.5,90616000.0,0.0036,4233.75
06/24/2021,4256.0,4233.75,4263.75,4231.75,87879000.0,0.0058,4237.5
06/23/2021,4231.5,4237.5,4248.25,4230.5,93830000.0,-0.0011,4219.25
06/22/2021,4236.25,4219.25,4245.5,4205.75,1060000.0,0.0053,4142.5
06/21/2021,4213.75,4142.5,4219.75,4126.75,1430000.0,0.0063,4225.75
06/18/2021,4187.25,4225.75,4231.0,4183.75,3511999.9999999995,-0.0083,4214.25
06/17/2021,4222.25,4214.25,4232.5,4193.0,32619000.0,-0.0002,4248.0
06/16/2021,4223.0,4248.0,4251.25,4200.75,51174000.0,-0.0055000000000000005,4255.25
06/15/2021,4246.5,4255.25,4267.5,4238.0,98119000.0,-0.0019,4248.0
06/14/2021,4254.75,4248.0,4257.5,4233.5,1120000.0,0.0021,4239.5
06/11/2021,4245.75,4239.5,4247.75,4230.75,1080000.0,0.0018,4222.25
06/10/2021,4238.0,4222.25,4249.0,4207.0,1560000.0,0.0046,4225.5
06/09/2021,4218.5,4225.5,4235.0,4217.0,1060000.0,-0.0017000000000000001,4227.5
06/08/2021,4225.75,4227.5,4236.75,4205.75,1310000.0,0.0001,4232.25
06/07/2021,4225.5,4232.25,4232.5,4214.0,93468000.0,-0.0007000000000000001,4190.75
06/04/2021,4228.25,4190.75,4232.0,4177.0,1050000.0,0.0088,4208.0
06/03/2021,4191.25,4208.0,4213.25,4165.25,1380000.0,-0.0036,4198.5
06/02/2021,4206.25,4198.5,4215.0,4190.75,1060000.0,0.0018,4206.5
06/01/2021,4198.5,4206.5,4230.0,4190.0,1370000.0,-0.0005,4211.25
05/28/2021,4202.5,4211.25,4217.5,4201.0,1110000.0,0.0008,4193.0
05/27/2021,4199.0,4193.0,4211.5,4177.75,1180000.0,0.0014000000000000002,4188.0
05/26/2021,4193.0,4188.0,4204.25,4180.5,1050000.0,0.0018,4199.25
05/25/2021,4185.5,4199.25,4212.75,4179.25,1220000.0,-0.002,4151.5
05/24/2021,4193.75,4151.5,4206.25,4142.5,1050000.0,0.0101,4152.5
05/21/2021,4151.75,4152.5,4185.0,4147.0,1470000.0,-0.0006,4107.75
05/20/2021,4154.25,4107.75,4169.25,4084.5,1490000.0,0.0104,4114.0
05/19/2021,4111.5,4114.0,4123.0,4055.5,2310000.0,-0.0028000000000000004,4159.0
05/18/2021,4123.0,4159.0,4179.5,4111.5,1290000.0,-0.0084,4169.0
05/17/2021,4157.75,4169.0,4178.75,4136.5,1480000.0,-0.0027,4112.5
05/14/2021,4169.0,4112.5,4178.25,4105.25,1510000.0,0.0151,4053.5
05/13/2021,4107.0,4053.5,4126.75,4029.25,2380000.0,0.011899999999999999,4140.0
05/12/2021,4058.75,4140.0,4150.5,4051.0,2630000.0,-0.021099999999999997,4176.75
05/11/2021,4146.25,4176.75,4185.5,4103.75,2520000.0,-0.0089,4226.75
05/10/2021,4183.5,4226.75,4238.25,4172.0,1660000.0,-0.009899999999999999,4197.5
05/07/2021,4225.25,4197.5,4232.25,4191.75,1650000.0,0.0074,4158.75
05/06/2021,4194.25,4158.75,4197.25,4140.5,1750000.0,0.008199999999999999,4158.25
05/05/2021,4160.0,4158.25,4180.0,4153.0,1420000.0,0.0004,4184.25
05/04/2021,4158.25,4184.25,4185.5,4120.5,2000000.0,-0.0066,4181.5
05/03/2021,4185.75,4181.5,4202.5,4181.0,1260000.0,0.0027,4200.75
04/30/2021,4174.5,4200.75,4201.5,4167.25,1900000.0,-0.0069,4184.75
04/29/2021,4203.5,4184.75,4211.0,4168.0,1750000.0,0.006500000000000001,4180.25
04/28/2021,4176.25,4180.25,4193.75,4172.75,1280000.0,-0.0007000000000000001,4181.5
04/27/2021,4179.0,4181.5,4192.5,4166.75,99203000.0,-0.0001,4170.75
04/26/2021,4179.5,4170.75,4186.0,4163.75,1020000.0,0.0019,4129.0
04/23/2021,4171.5,4129.0,4186.75,4127.5,1510000.0,0.0106,4157.5
04/22/2021,4127.75,4157.5,4171.75,4115.25,1940000.0,-0.0089,4121.25
04/21/2021,4164.75,4121.25,4167.25,4113.0,1510000.0,0.009300000000000001,4156.25
04/20/2021,4126.5,4156.25,4167.25,4110.5,1700000.0,-0.006999999999999999,4165.0
04/19/2021,4155.5,4165.0,4174.75,4141.75,1620000.0,-0.005,4162.75
04/16/2021,4176.25,4162.75,4183.5,4154.25,1300000.0,0.0033,4123.5
04/15/2021,4162.5,4123.5,4166.5,4119.5,1280000.0,0.0108,4134.75
04/14/2021,4118.0,4134.75,4144.0,4113.0,1530000.0,-0.0036,4122.75
04/13/2021,4132.75,4122.75,4139.75,4101.25,1080000.0,0.003,4114.25
04/12/2021,4120.25,4114.25,4124.5,4104.5,1090000.0,0.0002,4098.0
04/09/2021,4119.5,4098.0,4121.5,4081.0,1090000.0,0.0075,4074.25
04/08/2021,4089.0,4074.25,4098.5,4072.5,98835000.0,0.004699999999999999,4067.0
04/07/2021,4070.0,4067.0,4075.5,4056.5,1100000.0,0.0015,4069.75
04/06/2021,4064.0,4069.75,4076.0,4052.25,1250000.0,-0.0009,4030.0
04/05/2021,4067.75,4030.0,4073.75,4021.0,1250000.0,0.0,4014.5
04/02/2021,4067.75,4014.5,4038.0,4012.5,6475000.0,0.0144,3967.5
04/01/2021,4010.0,3967.5,4015.25,3964.5,1250000.0,0.010700000000000001,3949.5
03/31/2021,3967.5,3949.5,3983.75,3941.5,1640000.0,0.005,3965.25
03/30/2021,3947.75,3965.25,3968.5,3933.75,1590000.0,-0.0028000000000000004,3962.25
03/29/2021,3959.0,3962.25,3971.25,3928.75,2000000.0,-0.0015,3907.5
03/26/2021,3964.75,3907.5,3968.0,3900.75,1980000.0,0.0165,3882.75
03/25/2021,3900.5,3882.75,3909.5,3843.25,2280000.0,0.0051,3905.75
03/24/2021,3880.75,3905.75,3931.5,3877.5,2060000.0,-0.0049,3933.25
03/23/2021,3899.75,3933.25,3938.75,3890.5,1880000.0,-0.0077,3893.5
03/22/2021,3930.0,3893.5,3944.5,3885.0,1330000.0,0.0044,3923.75
03/19/2021,3912.62,3923.75,3934.25,3908.0,3858000.0,-0.001,3972.0
03/18/2021,3916.5,3972.0,3988.75,3911.0,33544000.0,-0.014499999999999999,3967.5
03/17/2021,3974.0,3967.5,3983.75,3935.25,52041000.0,0.0029,3967.0
03/16/2021,3962.5,3967.0,3980.5,3952.75,88725000.0,-0.0013,3945.75
03/15/2021,3967.5,3945.75,3969.75,3922.25,1300000.0,0.0064,3937.5
03/12/2021,3942.25,3937.5,3947.5,3910.25,1450000.0,0.0014000000000000002,3907.75
03/11/2021,3936.75,3907.75,3958.5,3893.0,1600000.0,0.0103,3878.5
03/10/2021,3896.5,3878.5,3916.25,3856.25,1850000.0,0.006,3831.25
03/09/2021,3873.25,3831.25,3901.25,3826.25,1700000.0,0.0141,3854.75
03/08/2021,3819.25,3854.75,3878.75,3796.25,2200000.0,-0.0051,3765.5
03/05/2021,3839.0,3765.5,3850.0,3728.5,2950000.0,0.0195,3818.0
03/04/2021,3765.5,3818.0,3842.25,3720.5,3190000.0,-0.0134,3867.5
03/03/2021,3816.75,3867.5,3898.0,3813.0,2200000.0,-0.0131,3903.25
03/02/2021,3867.5,3903.25,3906.5,3865.5,1640000.0,-0.008,3817.25
03/01/2021,3898.75,3817.25,3912.0,3812.5,1690000.0,0.0235,3823.25
02/26/2021,3809.25,3823.25,3858.5,3785.0,3010000.0,-0.0049,3923.5
02/25/2021,3828.0,3923.5,3934.5,3810.25,2860000.0,-0.0241,3876.25
02/24/2021,3922.5,3876.25,3927.75,3851.75,1940000.0,0.0115,3878.0
02/23/2021,3878.0,3878.0,3896.0,3804.75,2280000.0,0.0012,3905.5
02/22/2021,3873.5,3905.5,3914.5,3861.25,1510000.0,-0.0076,3910.5
02/19/2021,3903.0,3910.5,3931.0,3890.25,1430000.0,-0.0017000000000000001,3928.25
02/18/2021,3909.5,3928.25,3936.0,3880.5,1540000.0,-0.004699999999999999,3929.0
02/17/2021,3928.0,3929.0,3932.25,3896.5,1380000.0,0.0001,3936.5
02/16/2021,3927.75,3936.5,3959.25,3918.75,1450000.0,-0.005,3905.25
02/12/2021,3931.0,3905.25,3936.25,3890.25,1050000.0,0.0049,3907.0
02/11/2021,3912.0,3907.0,3920.5,3884.5,1300000.0,0.0023,3912.25
02/10/2021,3903.0,3912.25,3928.5,3878.25,1560000.0,-0.0006,3910.5
02/09/2021,3905.5,3910.5,3913.25,3895.0,88192000.0,-0.0006,3889.0
02/08/2021,3908.0,3889.0,3911.25,3885.5,97244000.0,0.0072,3864.25
02/05/2021,3880.25,3864.25,3888.25,3860.0,1140000.0,0.0040999999999999995,3832.75
02/04/2021,3864.5,3832.75,3869.75,3811.25,1140000.0,0.010700000000000001,3829.5
02/03/2021,3823.5,3829.5,3843.5,3807.75,1290000.0,0.0014000000000000002,3764.75
02/02/2021,3818.25,3764.75,3835.75,3760.0,1420000.0,0.0139,3692.25
02/01/2021,3765.75,3692.25,3777.0,3656.5,1690000.0,0.0163,3770.25
01/29/2021,3705.25,3770.25,3777.25,3685.5,2690000.0,-0.0196,3735.25
01/28/2021,3779.25,3735.25,3823.5,3703.5,2150000.0,0.009300000000000001,3845.25
01/27/2021,3744.25,3845.25,3853.0,3706.5,2570000.0,-0.0256,3845.0
01/26/2021,3842.5,3845.0,3862.25,3821.5,1170000.0,-0.0016,3835.5
01/25/2021,3848.5,3835.5,3853.25,3788.5,1760000.0,0.0037,3846.75
01/22/2021,3834.25,3846.75,3849.0,3813.25,1190000.0,-0.0031,3841.5
01/21/2021,3846.0,3841.5,3859.75,3836.5,1070000.0,0.0003,3796.75
01/20/2021,3845.0,3796.75,3852.5,3788.5,1250000.0,0.0144,3750.0
01/19/2021,3790.5,3750.0,3797.0,3740.5,1320000.0,0.0046,3793.0
01/15/2021,3762.25,3793.0,3797.75,3741.5,1780000.0,-0.0076,3808.5
01/14/2021,3791.25,3808.5,3817.75,3786.25,1170000.0,-0.0033,3792.0
01/13/2021,3803.75,3792.0,3813.5,3776.5,1050000.0,0.0024,3794.25
01/12/2021,3794.5,3794.25,3806.75,3768.0,1220000.0,0.0007000000000000001,3815.5
01/11/2021,3792.0,3815.5,3820.75,3776.5,1290000.0,-0.0067,3797.75
01/08/2021,3817.5,3797.75,3824.5,3775.0,1620000.0,0.0058,3752.5
01/07/2021,3795.5,3752.5,3804.0,3742.0,1300000.0,0.0147,3717.5
01/06/2021,3740.5,3717.5,3774.75,3685.5,2130000.0,0.006,3695.0
01/05/2021,3718.25,3695.0,3730.0,3673.25,1410000.0,0.006999999999999999,3748.75
01/04/2021,3692.25,3748.75,3773.25,3652.5,2040000.0,-0.0151,3725.0
12/31/2020,3748.75,3725.0,3753.0,3715.0,99334000.0,0.0066,3724.5
12/30/2020,3724.25,3724.5,3738.25,3716.5,77000000.0,0.0011,3731.0
12/29/2020,3720.0,3731.0,3747.75,3714.5,99264000.0,-0.002,3682.0
12/28/2020,3727.5,3682.0,3732.25,3676.0,76065000.0,0.0088,3685.25
12/24/2020,3695.0,3685.25,3696.0,3678.5,36965000.0,0.0037,3674.25
12/23/2020,3681.5,3674.25,3701.75,3651.0,1020000.0,0.0012,3685.0
12/22/2020,3677.25,3685.0,3695.0,3663.75,1100000.0,-0.0023,3718.25
12/21/2020,3685.75,3718.25,3724.0,3596.0,1840000.0,-0.0109,3721.5
12/18/2020,3726.25,3721.5,3733.25,3707.75,3189000.0,0.0013,3704.5
12/17/2020,3721.25,3704.5,3724.75,3699.5,29292000.0,0.0055000000000000005,3697.75
12/16/2020,3700.75,3697.75,3711.5,3687.0,58471000.0,0.0017000000000000001,3653.0
12/15/2020,3694.5,3653.0,3695.75,3642.75,1030000.0,0.0132,3677.75
12/14/2020,3646.5,3677.75,3698.0,3642.75,1490000.0,-0.004,3670.0
12/11/2020,3661.25,3670.0,3674.75,3628.25,1540000.0,-0.002,3669.5
12/10/2020,3668.5,3669.5,3681.25,3644.0,1600000.0,-0.0011,3707.75
12/09/2020,3672.5,3707.75,3714.75,3659.5,1790000.0,-0.008,3682.75
12/08/2020,3702.0,3682.75,3708.0,3664.25,1120000.0,0.003,3694.75
12/07/2020,3690.75,3694.75,3705.0,3672.25,1080000.0,-0.002,3668.25
12/04/2020,3698.0,3668.25,3700.0,3665.5,99186000.0,0.0091,3671.0
12/03/2020,3664.5,3671.0,3682.0,3655.25,1120000.0,-0.0007000000000000001,3661.25
12/02/2020,3667.25,3661.25,3672.75,3642.25,1110000.0,0.0018,3631.0
12/01/2020,3660.5,3631.0,3677.5,3626.0,1370000.0,0.0103,3643.75
11/30/2020,3623.25,3643.75,3652.0,3592.25,1710000.0,-0.0036,3630.25
11/27/2020,3636.5,3630.25,3642.75,3612.75,63927000.0,0.0043,3635.5
11/25/2020,3627.25,3635.5,3655.0,3615.25,1020000.0,-0.0015,3576.0
11/24/2020,3632.75,3576.0,3640.0,3575.25,1290000.0,0.0159,3546.5
11/23/2020,3576.0,3546.5,3588.0,3545.5,1200000.0,0.0060999999999999995,3560.0
11/20/2020,3554.25,3560.0,3582.5,3542.75,1190000.0,-0.0072,3562.0
11/19/2020,3580.0,3562.0,3582.75,3542.25,1290000.0,0.0042,3604.5
11/18/2020,3565.0,3604.5,3623.25,3556.5,1330000.0,-0.0116,3625.5
11/17/2020,3606.75,3625.5,3630.0,3584.25,1270000.0,-0.0045000000000000005,3587.0
11/16/2020,3623.0,3587.0,3637.0,3586.5,1300000.0,0.011399999999999999,3537.5
11/13/2020,3582.0,3537.5,3590.0,3518.0,1330000.0,0.013999999999999999,3574.5
11/12/2020,3532.5,3574.5,3574.5,3513.0,1690000.0,-0.009899999999999999,3546.25
11/11/2020,3568.0,3546.25,3576.75,3531.0,1320000.0,0.0076,3549.5
11/10/2020,3541.0,3549.5,3562.75,3506.5,2160000.0,-0.0008,3522.5
11/09/2020,3544.0,3522.5,3668.0,3515.75,2610000.0,0.0124,3508.75
11/06/2020,3500.75,3508.75,3519.0,3456.75,1640000.0,-0.0011,3448.0
11/05/2020,3504.75,3448.0,3522.5,3428.25,1670000.0,0.0203,3362.75
11/04/2020,3435.0,3362.75,3480.0,3319.0,2810000.0,0.0219,3304.0
11/03/2020,3361.5,3304.0,3382.75,3301.25,1660000.0,0.018500000000000003,3260.0
11/02/2020,3300.5,3260.0,3323.5,3243.25,1850000.0,0.011000000000000001,3268.0
10/30/2020,3264.75,3268.0,3296.25,3225.0,2490000.0,-0.011399999999999999,3279.0
10/29/2020,3302.25,3279.0,3333.75,3250.25,1970000.0,0.011899999999999999,3369.0
10/28/2020,3263.5,3369.0,3370.25,3260.75,2630000.0,-0.0353,3394.25
10/27/2020,3383.0,3394.25,3410.0,3368.25,1570000.0,-0.0031,3445.75
10/26/2020,3393.5,3445.75,3446.25,3356.0,1960000.0,-0.0169,3455.75
10/23/2020,3451.75,3455.75,3462.5,3431.5,1220000.0,0.0007000000000000001,3430.25
10/22/2020,3449.25,3430.25,3453.0,3402.5,1500000.0,0.0049,3437.0
10/21/2020,3432.5,3437.0,3458.0,3420.5,1680000.0,0.0001,3436.0
10/20/2020,3432.25,3436.0,3469.75,3418.75,1700000.0,0.0028000000000000004,3471.0
10/19/2020,3422.75,3471.0,3496.5,3410.75,1650000.0,-0.011399999999999999,3478.5
10/16/2020,3462.25,3478.5,3508.5,3461.25,1400000.0,-0.0038,3479.25
10/15/2020,3475.5,3479.25,3486.5,3431.5,1650000.0,-0.0016,3502.0
10/14/2020,3481.0,3502.0,3524.0,3472.0,1540000.0,-0.0068000000000000005,3534.0
10/13/2020,3504.75,3534.0,3535.75,3491.5,1620000.0,-0.0079,3467.5
10/12/2020,3532.75,3467.5,3541.0,3464.25,1400000.0,0.0171,3447.25
10/09/2020,3473.25,3447.25,3480.0,3445.25,1190000.0,0.0104,3406.25
10/08/2020,3437.5,3406.25,3447.25,3405.5,1100000.0,0.009000000000000001,3338.0
10/07/2020,3406.75,3338.0,3416.75,3332.25,1400000.0,0.016,3392.0
10/06/2020,3353.25,3392.0,3421.75,3330.5,1700000.0,-0.011699999999999999,3360.0
10/05/2020,3393.0,3360.0,3400.0,3346.5,1080000.0,0.0161,3367.0
10/02/2020,3339.25,3367.0,3375.5,3300.25,2029999.9999999998,-0.0085,3344.75
10/01/2020,3367.75,3344.75,3388.0,3343.25,1520000.0,0.004699999999999999,3330.0
09/30/2020,3352.0,3330.0,3384.0,3291.25,2170000.0,0.0055000000000000005,3348.75
09/29/2020,3333.75,3348.75,3363.0,3316.5,1330000.0,-0.0037,3291.0
09/28/2020,3346.0,3291.0,3351.25,3287.5,1500000.0,0.0179,3243.5
09/25/2020,3287.25,3243.5,3296.25,3206.5,1700000.0,0.0152,3228.0
09/24/2020,3238.0,3228.0,3268.25,3198.0,2280000.0,0.0021,3303.75
09/23/2020,3231.25,3303.75,3319.75,3221.0,1980000.0,-0.0206,3271.5
09/22/2020,3299.25,3271.5,3309.5,3256.5,1580000.0,0.0074,3314.5
09/21/2020,3275.0,3314.5,3326.25,3217.75,2510000.0,-0.023399999999999997,3392.75
09/17/2020,3361.5,3392.75,3396.5,3320.5,38492000.0,-0.0083,3405.0
09/16/2020,3389.5,3405.0,3429.75,3384.0,57175000.0,-0.0046,3379.5
09/15/2020,3405.25,3379.5,3419.0,3376.0,87437000.0,0.0067,3350.0
09/14/2020,3382.5,3350.0,3402.75,3345.5,1380000.0,0.0146,3345.25
09/11/2020,3333.75,3345.25,3375.0,3308.75,1880000.0,-0.002,3396.0
09/10/2020,3340.5,3396.0,3424.25,3327.25,2330000.0,-0.0176,3315.25
09/09/2020,3400.25,3315.25,3424.0,3295.5,2009999.9999999998,0.0194,3420.5
09/08/2020,3335.5,3420.5,3447.0,3327.5,2730000.0,-0.030299999999999997,3454.75
09/04/2020,3417.5,3454.75,3484.25,3347.75,2990000.0,-0.0127,3578.75
09/03/2020,3461.5,3578.75,3586.5,3424.5,2870000.0,-0.0329,3529.0
09/02/2020,3579.25,3529.0,3587.0,3526.25,1850000.0,0.0148,3493.25
09/01/2020,3527.0,3493.25,3530.0,3484.25,1280000.0,0.008,3508.5
08/31/2020,3499.0,3508.5,3524.5,3490.0,1440000.0,-0.0016,3488.0
08/28/2020,3504.5,3488.0,3509.5,3480.75,1250000.0,0.0055000000000000005,3479.5
08/27/2020,3485.25,3479.5,3498.25,3464.75,1630000.0,0.0014000000000000002,3444.75
08/26/2020,3480.25,3444.75,3483.5,3436.75,1280000.0,0.0108,3427.0
08/25/2020,3443.0,3427.0,3448.75,3421.75,1130000.0,0.0045000000000000005,3398.75
08/24/2020,3427.5,3398.75,3429.5,3393.5,1280000.0,0.0103,3383.5
08/21/2020,3392.5,3383.5,3396.25,3356.75,1220000.0,0.0034999999999999996,3370.25
08/20/2020,3380.75,3370.25,3387.0,3344.75,1200000.0,0.0024,3388.75
08/19/2020,3372.75,3388.75,3395.75,3365.5,1370000.0,-0.0042,3379.25
08/18/2020,3387.0,3379.25,3390.75,3365.25,1020000.0,0.0021,3366.0
08/17/2020,3379.75,3366.0,3382.75,3364.75,75930000.0,0.0054,3369.25
08/14/2020,3361.5,3369.25,3380.5,3350.0,1080000.0,-0.0019,3367.75
08/13/2020,3367.75,3367.75,3382.0,3357.5,1210000.0,-0.0007000000000000001,3339.5
08/12/2020,3370.0,3339.5,3382.5,3326.25,1410000.0,0.012,3350.25
08/11/2020,3330.0,3350.25,3379.0,3319.5,1730000.0,-0.0068000000000000005,3347.0
08/10/2020,3352.75,3347.0,3357.25,3329.0,1200000.0,0.0024,3343.75
08/07/2020,3344.75,3343.75,3347.75,3322.25,1620000.0,0.0001,3317.0
08/06/2020,3344.25,3317.0,3345.5,3300.5,1350000.0,0.0085,3300.75
08/05/2020,3316.0,3300.75,3323.25,3292.0,1120000.0,0.0048,3290.75
08/04/2020,3300.0,3290.75,3300.5,3271.0,1150000.0,0.0034999999999999996,3272.0
08/03/2020,3288.5,3272.0,3295.5,3254.75,1250000.0,0.0077,3269.25
07/31/2020,3263.5,3269.25,3273.75,3212.5,2280000.0,0.0045000000000000005,3256.75
07/30/2020,3248.75,3256.75,3269.0,3195.0,2000000.0,-0.0012,3215.0
07/29/2020,3252.5,3215.0,3257.0,3204.25,1220000.0,0.0123,3235.0
07/28/2020,3213.0,3235.0,3246.75,3208.0,1380000.0,-0.006,3210.75
07/27/2020,3232.25,3210.75,3235.0,3192.0,1300000.0,0.0088,3230.0
07/24/2020,3204.0,3230.0,3239.0,3191.5,1760000.0,-0.0073,3267.75
07/23/2020,3227.5,3267.75,3284.5,3214.25,1700000.0,-0.0116,3249.25
07/22/2020,3265.5,3249.25,3271.75,3227.25,1350000.0,0.0044,3243.75
07/21/2020,3251.25,3243.75,3273.25,3239.25,1460000.0,0.0018,3214.5
07/20/2020,3245.25,3214.5,3250.5,3190.25,1400000.0,0.0097,3198.5
07/17/2020,3214.0,3198.5,3225.25,3194.75,1260000.0,0.0060999999999999995,3223.25
07/16/2020,3194.5,3223.25,3228.5,3188.5,1470000.0,-0.0078000000000000005,3204.0
07/15/2020,3219.5,3204.0,3233.25,3192.0,1940000.0,0.0113,3149.75
07/14/2020,3183.5,3149.75,3192.25,3119.0,2260000.0,0.011200000000000002,3183.5
07/13/2020,3148.25,3183.5,3226.25,3140.5,2069999.9999999998,-0.0095,3142.25
07/10/2020,3178.5,3142.25,3181.25,3111.5,1410000.0,0.011899999999999999,3166.25
07/09/2020,3141.0,3166.25,3170.75,3105.25,1880000.0,-0.0070999999999999995,3135.25
07/08/2020,3163.5,3135.25,3166.25,3125.5,1530000.0,0.0086,3170.0
07/07/2020,3136.5,3170.0,3184.0,3132.5,1330000.0,-0.011200000000000002,3121.25
07/06/2020,3172.0,3121.25,3174.5,3121.25,1460000.0,0.0181,3101.75
07/02/2020,3129.0,3101.75,3156.5,3095.5,1550000.0,0.0084,3085.25
07/01/2020,3103.0,3085.25,3117.75,3062.75,1540000.0,0.0040999999999999995,3046.0
06/30/2020,3090.25,3046.0,3101.25,3030.25,1720000.0,0.0139,2986.25
06/29/2020,3047.75,2986.25,3051.25,2983.5,1590000.0,0.013600000000000001,3071.25
06/26/2020,3007.0,3071.25,3082.0,2992.5,2210000.0,-0.0208,3046.75
06/25/2020,3070.75,3046.75,3079.5,3005.0,1970000.0,0.0070999999999999995,3113.25
06/24/2020,3049.0,3113.25,3128.5,3019.75,2390000.0,-0.0223,3111.75
06/23/2020,3118.5,3111.75,3145.75,3060.0,1530000.0,0.0025,3040.25
06/22/2020,3110.75,3040.25,3114.25,3027.25,1390000.0,-0.016,3108.25
06/19/2020,3161.26,3108.25,3196.0,3106.75,3615999.9999999995,0.0168,3115.0
06/18/2020,3109.0,3115.0,3130.5,3075.25,37372000.0,-0.0029,3122.0
06/17/2020,3118.0,3122.0,3157.75,3105.0,61088000.0,-0.0034000000000000002,3076.25
06/16/2020,3128.75,3076.25,3167.75,3071.25,1380000.0,0.0181,2992.75
06/15/2020,3073.0,2992.75,3079.25,2935.0,1950000.0,0.0126,3011.75
06/12/2020,3034.75,3011.75,3087.75,2982.0,2870000.0,0.008100000000000001,3183.75
06/11/2020,3010.25,3183.75,3188.5,2996.25,3530000.0,-0.0552,3204.75
06/10/2020,3186.0,3204.75,3227.25,3179.75,2000000.0,-0.0060999999999999995,3227.75
06/09/2020,3205.5,3227.75,3231.0,3190.0,1700000.0,-0.0068000000000000005,3192.5
06/08/2020,3227.5,3192.5,3231.25,3183.25,1600000.0,0.0128,3113.25
06/05/2020,3186.75,3113.25,3210.5,3106.5,2440000.0,0.0245,3117.75
06/04/2020,3110.5,3117.75,3126.75,3087.5,1830000.0,-0.0023,3078.0
06/03/2020,3117.75,3078.0,3129.5,3074.25,1620000.0,0.0132,3052.75
06/02/2020,3077.0,3052.75,3079.0,3035.0,1460000.0,0.0075,3029.75
06/01/2020,3054.0,3029.75,3059.0,3008.0,1280000.0,0.0039000000000000003,3036.0
05/29/2020,3042.0,3036.0,3058.25,2992.0,2260000.0,0.0013,3035.0
05/28/2020,3038.0,3035.0,3065.5,3019.5,1880000.0,0.0008,2994.0
05/27/2020,3035.5,2994.0,3039.5,2965.5,2110000.0,0.0137,2948.5
05/26/2020,2994.5,2948.5,3019.75,2947.5,1800000.0,0.0042,2936.75
05/22/2020,2953.0,2936.75,2957.5,2903.75,1380000.0,0.0054,2972.25
05/21/2020,2937.0,2972.25,2973.5,2933.0,1610000.0,-0.0106,2913.5
05/20/2020,2968.5,2913.5,2975.75,2908.5,1530000.0,0.017,2945.0
05/19/2020,2918.75,2945.0,2976.25,2914.25,1570000.0,-0.009899999999999999,2859.75
05/18/2020,2948.0,2859.75,2964.75,2850.0,1780000.0,0.035699999999999996,2846.25
05/15/2020,2846.5,2846.25,2863.5,2809.5,1900000.0,-0.0002,2820.25
05/14/2020,2847.0,2820.25,2853.75,2760.25,2500000.0,0.0121,2839.75
05/13/2020,2813.0,2839.75,2876.75,2786.0,2590000.0,-0.0138,2919.25
05/12/2020,2852.5,2919.25,2939.25,2838.0,1820000.0,-0.024,2920.75
05/11/2020,2922.75,2920.75,2947.0,2889.75,1530000.0,-0.002,2882.0
05/08/2020,2928.5,2882.0,2933.0,2879.75,1330000.0,0.0168,2832.0
05/07/2020,2880.0,2832.0,2895.0,2823.0,1490000.0,0.016399999999999998,2857.75
05/06/2020,2833.5,2857.75,2886.25,2832.0,1470000.0,-0.0087,2827.0
05/05/2020,2858.25,2827.0,2889.75,2824.5,1470000.0,0.011699999999999999,2789.0
05/04/2020,2825.25,2789.0,2835.75,2771.0,1510000.0,0.0012,2871.5
05/01/2020,2821.75,2871.5,2879.75,2811.75,1650000.0,-0.0278,2956.5
04/30/2020,2902.5,2956.5,2965.0,2878.0,2029999.9999999998,-0.0131,2870.5
04/29/2020,2941.0,2870.5,2959.75,2860.75,1740000.0,0.025699999999999997,2867.75
04/28/2020,2867.25,2867.75,2913.5,2851.0,1610000.0,-0.0006,2829.0
04/27/2020,2869.0,2829.0,2881.25,2812.75,1220000.0,0.013999999999999999,2777.0
04/24/2020,2829.5,2777.0,2835.0,2755.25,1290000.0,0.0175,2790.5
04/23/2020,2780.75,2790.5,2836.75,2772.75,1700000.0,-0.0028000000000000004,2737.25
04/22/2020,2788.5,2737.25,2808.0,2717.25,1370000.0,0.0207,2807.0
04/21/2020,2732.0,2807.0,2833.25,2717.25,1970000.0,-0.0265,2861.5
04/20/2020,2806.5,2861.5,2875.5,2804.25,1570000.0,-0.022099999999999998,2863.0
04/17/2020,2870.0,2863.0,2885.0,2821.0,1920000.0,0.0296,2767.75
04/16/2020,2787.5,2767.75,2831.5,2746.0,1750000.0,0.0045000000000000005,2843.75
04/15/2020,2775.0,2843.75,2845.5,2751.25,1830000.0,-0.0239,2760.0
04/14/2020,2843.0,2760.0,2846.0,2752.5,1720000.0,0.0304,2811.0
04/13/2020,2759.25,2811.0,2819.5,2711.0,1570000.0,-0.01,2737.75
04/09/2020,2779.75,2737.75,2809.5,2701.0,2340000.0,0.016399999999999998,2640.5
04/08/2020,2735.0,2640.5,2752.5,2620.75,1920000.0,0.0352,2645.5
04/07/2020,2642.0,2645.5,2750.0,2623.5,2490000.0,-0.0009,2485.0
04/06/2020,2644.5,2485.0,2668.5,2484.75,2029999.9999999998,0.06509999999999999,2513.75
04/03/2020,2482.75,2513.75,2529.5,2449.0,1760000.0,-0.0134,2459.0
04/02/2020,2516.5,2459.0,2525.0,2424.75,2150000.0,0.027999999999999997,2562.0
04/01/2020,2448.0,2562.0,2562.25,2434.25,2089999.9999999998,-0.047400000000000005,2613.25
03/31/2020,2569.75,2613.25,2635.75,2555.75,2250000.0,-0.0159,2459.0
03/30/2020,2611.25,2459.0,2621.75,2445.0,1840000.0,0.0346,2627.75
03/27/2020,2524.0,2627.75,2634.5,2505.25,2320000.0,-0.0322,2471.0
03/26/2020,2608.0,2471.0,2625.75,2402.25,2410000.0,0.0572,2442.75
03/25/2020,2467.0,2442.75,2560.75,2386.0,3040000.0,0.011899999999999999,2233.25
03/24/2020,2438.0,2233.25,2447.75,2230.5,2640000.0,0.098,2220.25
03/23/2020,2220.5,2220.25,2386.0,2174.0,3080000.0,-0.0892,2364.25
03/20/2020,2437.98,2364.25,2512.75,2346.25,7168000.000000001,0.014499999999999999,2414.25
03/19/2020,2403.25,2414.25,2474.0,2288.0,63123000.0,-0.0045000000000000005,2478.5
03/18/2020,2414.0,2478.5,2498.0,2274.75,97654000.0,-0.0327,2417.25
03/17/2020,2495.5,2417.25,2554.5,2365.0,1680000.0,0.032799999999999996,2673.75
03/16/2020,2416.25,2673.75,2675.0,2360.25,2380000.0,-0.1038,2429.5
03/13/2020,2696.0,2429.5,2707.75,2393.5,3420000.0,0.0919,2738.0
03/12/2020,2469.0,2738.0,2774.0,2442.5,4370000.0,-0.099,2859.5
03/11/2020,2740.25,2859.5,2869.5,2702.75,2990000.0,-0.0438,2733.0
03/10/2020,2865.75,2733.0,2884.75,2695.25,3420000.0,0.0429,2916.0
03/09/2020,2747.75,2916.0,2916.0,2715.0,2670000.0,-0.073,3024.25
03/06/2020,2964.0,3024.25,3037.0,2898.0,3160000.0,-0.0171,3109.25
03/05/2020,3015.5,3109.25,3113.75,2996.5,2810000.0,-0.0319,2988.25
03/04/2020,3114.75,2988.25,3129.5,2976.5,2590000.0,0.0393,3077.0
03/03/2020,2997.0,3077.0,3137.0,2973.0,3750000.0,-0.0222,2900.0
03/02/2020,3065.0,2900.0,3093.25,2889.25,3690000.0,0.038599999999999995,2950.0
02/28/2020,2951.0,2950.0,2996.0,2853.25,5720000.0,-0.002,3100.25
02/27/2020,2957.0,3100.25,3117.0,2944.5,4730000.0,-0.0493,3138.0
02/26/2020,3110.25,3138.0,3182.0,3091.0,3890000.0,-0.0070999999999999995,3223.0
02/25/2020,3132.5,3223.0,3259.5,3117.25,4380000.0,-0.0291,3309.0
02/24/2020,3226.25,3309.0,3312.0,3213.75,3640000.0,-0.0338,3367.0
02/21/2020,3339.25,3367.0,3369.25,3328.0,2290000.0,-0.0089,3391.75
02/20/2020,3369.25,3391.75,3397.5,3339.25,2069999.9999999998,-0.0053,3372.0
02/19/2020,3387.25,3372.0,3393.75,3370.75,1160000.0,0.0053,3382.25
02/18/2020,3369.25,3382.25,3392.5,3355.25,1740000.0,-0.002,3379.5
02/14/2020,3381.0,3379.5,3388.5,3365.25,1330000.0,0.001,3381.25
02/13/2020,3377.5,3381.25,3384.75,3348.5,1770000.0,-0.0009,3360.5
02/12/2020,3380.5,3360.5,3381.5,3355.5,1230000.0,0.0069,3351.0
02/11/2020,3357.5,3351.0,3374.5,3349.25,1490000.0,0.0013,3322.25
02/10/2020,3353.0,3322.25,3353.5,3303.5,1400000.0,0.0083,3349.0
02/07/2020,3325.5,3349.0,3350.0,3320.75,1700000.0,-0.0059,3337.0
02/06/2020,3345.25,3337.0,3357.75,3332.5,1460000.0,0.0031,3300.25
02/05/2020,3335.0,3300.25,3338.0,3288.25,2049999.9999999998,0.0108,3244.25
02/04/2020,3299.5,3244.25,3305.25,3236.0,1700000.0,0.0166,3222.75
02/03/2020,3245.5,3222.75,3267.25,3222.0,1920000.0,0.0067,3292.0
01/31/2020,3224.0,3292.0,3297.5,3212.75,3150000.0,-0.02,3271.5
01/30/2020,3289.75,3271.5,3295.25,3239.75,2420000.0,0.0053,3281.75
01/29/2020,3272.5,3281.75,3292.75,3265.25,1670000.0,-0.0018,3239.5
01/28/2020,3278.25,3239.5,3285.0,3238.75,1910000.0,0.012,3269.75
01/27/2020,3239.5,3269.75,3269.75,3233.0,2580000.0,-0.016399999999999998,3326.5
01/24/2020,3293.5,3326.5,3337.0,3280.5,2520000.0,-0.0098,3317.25
01/23/2020,3326.0,3317.25,3327.0,3301.25,1720000.0,0.0019,3321.25
01/22/2020,3319.75,3321.25,3337.5,3315.25,1510000.0,0.0001,3325.0
01/21/2020,3319.5,3325.0,3329.75,3307.25,1570000.0,-0.001,3316.75
01/17/2020,3325.0,3316.75,3330.25,3316.0,1310000.0,0.0026,3294.25
01/16/2020,3316.5,3294.25,3318.0,3294.0,1340000.0,0.0069,3287.75
01/15/2020,3293.75,3287.75,3299.0,3277.75,1470000.0,0.0017000000000000001,3289.25
01/14/2020,3288.0,3289.25,3296.75,3275.25,1690000.0,-0.0005,3265.75
01/13/2020,3289.75,3265.75,3291.0,3265.5,1010000.0,0.0077,3275.5
01/10/2020,3264.75,3275.5,3287.0,3260.75,1530000.0,-0.0034000000000000002,3261.25
01/09/2020,3276.0,3261.25,3276.75,3257.75,1300000.0,0.0048,3231.75
01/08/2020,3260.25,3231.75,3267.75,3181.0,2280000.0,0.0077,3243.5
01/07/2020,3235.25,3243.5,3254.5,3226.0,1290000.0,-0.0025,3220.25
01/06/2020,3243.5,3220.25,3249.5,3208.75,1500000.0,0.0025,3261.0
01/03/2020,3235.5,3261.0,3263.5,3206.75,1760000.0,-0.0072,3237.0
01/02/2020,3259.0,3237.0,3261.75,3234.25,1420000.0,0.0066,3223.25
12/31/2019,3231.0,3223.25,3236.25,3213.0,1160000.0,0.0023,3238.25
12/30/2019,3223.5,3238.25,3244.25,3217.25,1120000.0,-0.0043,3242.0
12/27/2019,3237.5,3242.0,3254.0,3235.5,98439000.0,-0.0022,3227.5
12/26/2019,3244.5,3227.5,3244.75,3227.0,46464000.0,0.0053,3228.25
12/24/2019,3225.75,3228.25,3231.25,3222.5,29797000.000000004,-0.0005,3227.0
12/23/2019,3227.25,3227.0,3234.25,3224.25,66590000.0,-0.0012,3208.5
12/20/2019,3231.02,3208.5,3220.25,3204.25,4615000.0,0.0075,3195.0
12/19/2019,3207.1,3195.0,3209.0,3190.25,43342000.0,0.0039000000000000003,3189.5
12/18/2019,3194.75,3189.5,3199.0,3188.5,58263000.0,0.0009,3192.5
12/17/2019,3192.0,3192.5,3199.25,3187.75,1030000.0,-0.0007000000000000001,3176.5
12/16/2019,3194.25,3176.5,3198.75,3173.75,1410000.0,0.006999999999999999,3175.75
12/13/2019,3172.0,3175.75,3185.0,3156.75,1830000.0,0.0013,3144.0
12/12/2019,3168.0,3144.0,3177.5,3137.25,2380000.0,0.008,3135.5
12/11/2019,3143.0,3135.5,3144.5,3129.5,1230000.0,0.0022,3133.5
12/10/2019,3136.0,3133.5,3143.0,3116.25,1430000.0,0.0005,3146.5
12/09/2019,3134.5,3146.5,3149.5,3131.25,1150000.0,-0.0037,3117.75
12/06/2019,3146.0,3117.75,3151.0,3117.0,1300000.0,0.0091,3111.0
12/05/2019,3117.75,3111.0,3124.75,3103.25,1320000.0,0.0022,3091.75
12/04/2019,3111.0,3091.75,3119.5,3081.75,1490000.0,0.006500000000000001,3114.25
12/03/2019,3091.0,3114.25,3121.75,3069.5,2150000.0,-0.0075,3146.25
12/02/2019,3114.25,3146.25,3158.0,3110.25,1930000.0,-0.009399999999999999,3154.75
11/29/2019,3143.75,3154.75,3155.0,3139.5,90219000.0,-0.0023,3143.75
11/27/2019,3153.75,3143.75,3155.0,3141.75,92879000.0,0.0032,3131.25
11/26/2019,3143.75,3131.25,3145.0,3128.0,1070000.0,0.0034999999999999996,3119.0
11/25/2019,3132.75,3119.0,3133.5,3116.5,94783000.0,0.0068000000000000005,3104.0
11/22/2019,3111.5,3104.0,3114.5,3097.75,99542000.0,0.0024,3097.25
11/21/2019,3104.0,3097.25,3114.5,3091.25,1430000.0,-0.0016,3116.5
11/20/2019,3109.0,3116.5,3118.5,3090.75,1690000.0,-0.003,3121.5
11/19/2019,3118.5,3121.5,3132.5,3112.75,1200000.0,-0.001,3119.0
11/18/2019,3121.75,3119.0,3127.75,3111.0,1030000.0,0.0011,3097.0
11/15/2019,3118.25,3097.0,3119.5,3095.75,1250000.0,0.0069,3096.25
11/14/2019,3097.0,3096.25,3099.75,3081.75,1110000.0,0.0005,3091.25
11/13/2019,3095.5,3091.25,3097.0,3075.75,1250000.0,0.0011,3087.75
11/12/2019,3092.0,3087.75,3102.0,3081.25,1100000.0,0.0015,3090.5
11/11/2019,3087.5,3090.5,3092.25,3074.5,84460000.0,-0.001,3086.25
11/08/2019,3090.5,3086.25,3092.5,3072.5,1080000.0,0.0015,3077.25
11/07/2019,3086.0,3077.25,3097.0,3070.25,1350000.0,0.0034000000000000002,3071.5
11/06/2019,3075.5,3071.5,3078.0,3063.0,1080000.0,0.0011,3076.75
11/05/2019,3072.0,3076.75,3085.75,3069.75,1120000.0,-0.0012,3064.75
11/04/2019,3075.75,3064.75,3083.75,3064.75,1180000.0,0.0040999999999999995,3036.0
11/01/2019,3063.25,3036.0,3065.0,3033.0,1280000.0,0.0091,3051.75
10/31/2019,3035.75,3051.75,3052.0,3020.25,1770000.0,-0.0039000000000000003,3036.5
10/30/2019,3047.75,3036.5,3055.0,3023.25,1180000.0,0.004,3038.25
10/29/2019,3035.75,3038.25,3046.25,3029.5,1040000.0,-0.0002,3023.0
10/28/2019,3036.25,3023.0,3042.75,3022.75,1040000.0,0.0053,3003.75
10/25/2019,3020.25,3003.75,3026.5,3000.0,1100000.0,0.0053,3006.0
10/24/2019,3004.25,3006.0,3015.25,2998.75,1060000.0,-0.0005,2992.0
10/23/2019,3005.75,2992.0,3006.0,2982.0,1060000.0,0.0038,3006.5
10/22/2019,2994.5,3006.5,3014.25,2988.25,1130000.0,-0.004,2984.75
10/21/2019,3006.5,2984.75,3007.5,2983.75,88656000.0,0.0060999999999999995,2997.75
10/18/2019,2988.25,2997.75,3001.25,2975.0,1340000.0,-0.0033,2992.25
10/17/2019,2998.0,2992.25,3008.0,2985.25,1120000.0,0.0022,2996.5
10/16/2019,2991.5,2996.5,2997.75,2984.75,1150000.0,-0.0021,2966.75
10/15/2019,2997.75,2966.75,3003.25,2966.5,1180000.0,0.0109,2968.0
10/14/2019,2965.5,2968.0,2982.5,2953.75,83367000.0,-0.0018,2949.0
10/11/2019,2970.75,2949.0,2994.0,2941.75,1740000.0,0.0101,2920.5
10/10/2019,2941.0,2920.5,2954.0,2881.75,1580000.0,0.0075,2893.5
10/09/2019,2919.0,2893.5,2934.25,2888.25,1310000.0,0.0092,2934.5
10/08/2019,2892.5,2934.5,2950.0,2890.5,1870000.0,-0.015300000000000001,2929.75
10/07/2019,2937.5,2929.75,2959.5,2928.0,1270000.0,-0.0046,2911.5
10/04/2019,2951.0,2911.5,2953.25,2896.75,1500000.0,0.013500000000000002,2883.75
10/03/2019,2911.75,2883.75,2912.5,2855.0,2040000.0,0.0108,2942.25
10/02/2019,2880.5,2942.25,2949.0,2874.0,2130000.0,-0.0195,2984.0
10/01/2019,2937.75,2984.0,2994.5,2937.0,1600000.0,-0.0137,2976.0
09/30/2019,2978.5,2976.0,2986.25,2964.5,1160000.0,0.005,2979.75
09/27/2019,2963.75,2979.75,2993.0,2946.25,1670000.0,-0.005600000000000001,2985.75
09/26/2019,2980.5,2985.75,2995.0,2964.25,1350000.0,-0.0019,2971.0
09/25/2019,2986.25,2971.0,2991.75,2953.75,1500000.0,0.0054,3001.0
09/24/2019,2970.25,3001.0,3012.25,2958.5,1940000.0,-0.0089,2995.75
09/23/2019,2997.0,2995.75,3008.25,2982.0,1040000.0,-0.0055000000000000005,3005.5
09/20/2019,3013.61,3005.5,3015.5,3001.75,3779000.0,0.0025,3008.0
09/19/2019,3006.0,3008.0,3022.25,2988.75,37285000.0,-0.0001,3006.0
09/18/2019,3006.25,3006.0,3011.0,2978.5,63734000.0,0.0002,3001.75
09/17/2019,3005.5,3001.75,3006.5,2991.5,1100000.0,0.0022,2993.5
09/16/2019,2999.0,2993.5,3003.25,2981.25,1200000.0,-0.0025,3010.0
09/13/2019,3006.5,3010.0,3023.75,3003.5,1280000.0,-0.0017000000000000001,3003.0
09/12/2019,3011.75,3003.0,3021.75,3001.0,1750000.0,0.0032,2979.0
09/11/2019,3002.0,2979.0,3004.25,2972.0,1420000.0,0.0079,2979.25
09/10/2019,2978.5,2979.25,2985.0,2957.25,1490000.0,0.0001,2980.25
09/09/2019,2978.25,2980.25,2991.5,2969.5,1200000.0,-0.0008,2970.75
09/06/2019,2980.75,2970.75,2988.25,2970.25,1180000.0,0.0029,2938.0
09/05/2019,2972.0,2938.0,2986.5,2936.5,1670000.0,0.011399999999999999,2903.0
09/04/2019,2938.5,2903.0,2939.5,2902.0,1250000.0,0.011200000000000002,2901.0
09/03/2019,2906.0,2901.0,2926.5,2889.0,2000000.0,0.0011,2923.25
08/30/2019,2924.75,2923.25,2946.5,2913.25,1640000.0,-0.0007000000000000001,2883.25
08/29/2019,2926.75,2883.25,2930.75,2875.25,1490000.0,0.0128,2866.25
08/28/2019,2889.75,2866.25,2890.5,2851.75,1490000.0,0.0085,2882.75
08/27/2019,2865.5,2882.75,2899.5,2860.0,1530000.0,-0.0062,2831.0
08/26/2019,2883.25,2831.0,2888.5,2810.25,1850000.0,0.0097,2920.25
08/23/2019,2855.5,2920.25,2936.75,2834.0,2860000.0,-0.022799999999999997,2931.25
08/22/2019,2922.25,2931.25,2939.75,2904.25,1470000.0,-0.0024,2893.25
08/21/2019,2929.25,2893.25,2932.5,2893.0,1180000.0,0.010700000000000001,2921.25
08/20/2019,2898.25,2921.25,2932.25,2894.25,1480000.0,-0.0087,2893.0
08/19/2019,2923.75,2893.0,2932.25,2892.5,1290000.0,0.011200000000000002,2851.0
08/16/2019,2891.5,2851.0,2894.75,2849.5,1630000.0,0.0151,2836.0
08/15/2019,2848.5,2836.0,2871.75,2817.75,2500000.0,0.0027,2931.0
08/14/2019,2840.75,2931.0,2936.5,2835.75,2790000.0,-0.0311,2882.25
08/13/2019,2932.0,2882.25,2944.25,2866.75,2180000.0,0.018000000000000002,2918.75
08/12/2019,2880.25,2918.75,2931.0,2872.5,1710000.0,-0.013500000000000002,2928.0
08/09/2019,2919.75,2928.0,2935.75,2899.0,2029999.9999999998,-0.0069,2879.0
08/08/2019,2940.0,2879.0,2940.75,2870.5,1800000.0,0.0207,2873.75
08/07/2019,2880.5,2873.75,2891.5,2823.25,2680000.0,0.0016,2816.25
08/06/2019,2876.0,2816.25,2883.75,2775.75,2600000.0,0.0163,2929.25
08/05/2019,2830.0,2929.25,2933.5,2820.5,3070000.0,-0.035,2950.25
08/02/2019,2932.5,2950.25,2961.0,2913.5,2450000.0,-0.0066,2970.25
08/01/2019,2952.0,2970.25,3014.25,2944.5,2740000.0,-0.0101,3016.25
07/31/2019,2982.25,3016.25,3020.75,2958.0,1950000.0,-0.01,3022.25
07/30/2019,3012.25,3022.25,3027.5,3001.5,1180000.0,-0.0031,3022.0
07/29/2019,3021.75,3022.0,3027.25,3015.5,82357000.0,-0.0009,3006.5
07/26/2019,3024.5,3006.5,3029.5,3006.0,96102000.0,0.006,3018.0
07/25/2019,3006.5,3018.0,3027.75,2998.0,1330000.0,-0.005,3003.0
07/24/2019,3021.5,3003.0,3022.0,2996.0,1070000.0,0.0045000000000000005,2988.75
07/23/2019,3008.0,2988.75,3008.5,2987.5,1060000.0,0.0064,2974.5
07/22/2019,2989.0,2974.5,2993.5,2972.5,1100000.0,0.004,3003.75
07/19/2019,2977.0,3003.75,3009.75,2969.5,1480000.0,-0.0068000000000000005,2980.75
07/18/2019,2997.5,2980.75,3005.25,2974.5,1350000.0,0.0042,3005.75
07/17/2019,2985.0,3005.75,3013.0,2980.5,1040000.0,-0.0073,3017.25
07/16/2019,3007.0,3017.25,3021.75,3004.5,93981000.0,-0.0034000000000000002,3015.25
07/15/2019,3017.25,3015.25,3023.5,3010.75,82994000.0,0.0006,3003.0
07/12/2019,3015.5,3003.0,3018.0,3002.25,96996000.0,0.0038,2996.0
07/11/2019,3004.0,2996.0,3006.75,2992.5,1180000.0,0.0022,2982.25
07/10/2019,2997.5,2982.25,3007.5,2971.25,1420000.0,0.0052,2977.75
07/09/2019,2982.0,2977.75,2986.25,2963.5,95665000.0,0.0012,2990.75
07/08/2019,2978.5,2990.75,2994.75,2973.25,1020000.0,-0.004,3000.75
07/05/2019,2990.5,3000.75,3006.0,2971.25,1340000.0,-0.004,2979.0
07/03/2019,3000.25,2979.0,3001.5,2973.75,80526000.0,0.006999999999999999,2968.0
07/02/2019,2979.5,2968.0,2980.0,2958.5,1120000.0,0.004,2970.0
07/01/2019,2967.75,2970.0,2981.75,2955.5,1460000.0,0.008,2932.75
06/28/2019,2944.25,2932.75,2955.25,2930.0,1320000.0,0.0045000000000000005,2914.75
06/27/2019,2931.0,2914.75,2935.75,2914.75,1060000.0,0.0045000000000000005,2922.5
06/26/2019,2918.0,2922.5,2939.0,2914.5,1230000.0,-0.0014000000000000002,2951.0
06/25/2019,2922.0,2951.0,2958.25,2920.0,1420000.0,-0.0102,2948.0
06/24/2019,2952.0,2948.0,2961.75,2947.25,91017000.0,-0.0006,2953.75
06/21/2019,2953.9,2953.75,2956.0,2944.0,4773000.0,-0.0006,2926.75
06/20/2019,2955.75,2926.75,2960.0,2926.0,47331000.0,0.0091,2920.5
06/19/2019,2929.0,2920.5,2932.5,2909.0,63895000.00000001,0.0025,2893.5
06/18/2019,2921.75,2893.5,2931.75,2884.5,1070000.0,0.0103,2890.75
06/17/2019,2892.0,2890.75,2900.75,2887.75,1160000.0,0.0005,2893.75
06/14/2019,2890.5,2893.75,2898.75,2880.5,1260000.0,-0.0014000000000000002,2882.0
06/13/2019,2894.5,2882.0,2896.5,2867.25,1440000.0,0.004699999999999999,2887.25
06/12/2019,2881.0,2887.25,2891.0,2875.25,1210000.0,-0.0021,2890.25
06/11/2019,2887.0,2890.25,2911.5,2879.25,1400000.0,-0.0008,2893.25
06/10/2019,2889.25,2893.25,2905.75,2880.5,1420000.0,0.005,2840.0
06/07/2019,2875.0,2840.0,2886.25,2838.0,1690000.0,0.0103,2820.5
06/06/2019,2845.75,2820.5,2853.0,2812.75,1570000.0,0.0064,2806.5
06/05/2019,2827.75,2806.5,2829.5,2801.0,1740000.0,0.008100000000000001,2754.0
06/04/2019,2805.0,2754.0,2806.25,2744.0,1840000.0,0.0202,2741.0
06/03/2019,2749.5,2741.0,2763.75,2728.75,2300000.0,-0.0011,2788.75
05/31/2019,2752.5,2788.75,2791.0,2750.0,2210000.0,-0.013600000000000001,2779.5
05/30/2019,2790.5,2779.5,2799.0,2776.5,1280000.0,0.0038,2804.25
05/29/2019,2780.0,2804.25,2806.0,2766.25,2089999.9999999998,-0.0089,2831.0
05/28/2019,2805.0,2831.0,2841.25,2800.5,1630000.0,-0.01,2821.75
05/24/2019,2831.75,2821.75,2842.0,2819.25,1200000.0,0.0043,2857.75
05/23/2019,2819.5,2857.75,2858.5,2805.75,2009999.9999999998,-0.013300000000000001,2864.75
05/22/2019,2857.5,2864.75,2869.5,2848.25,1260000.0,-0.003,2848.0
05/21/2019,2866.0,2848.0,2870.75,2846.25,1300000.0,0.0077,2861.5
05/20/2019,2844.0,2861.5,2876.5,2832.5,1660000.0,-0.0063,2879.75
05/17/2019,2862.0,2879.75,2887.5,2852.5,1930000.0,-0.005699999999999999,2853.5
05/16/2019,2878.5,2853.5,2894.0,2840.5,1690000.0,0.008199999999999999,2840.75
05/15/2019,2855.0,2840.75,2860.0,2815.0,1750000.0,0.0055000000000000005,2806.0
05/14/2019,2839.25,2806.0,2853.75,2799.75,1800000.0,0.0115,2858.5
05/13/2019,2807.0,2858.5,2869.25,2802.0,2790000.0,-0.0277,2869.75
05/10/2019,2887.0,2869.75,2893.0,2826.0,2850000.0,0.005,2884.0
05/09/2019,2872.75,2884.0,2885.5,2836.25,2710000.0,-0.005,2889.75
05/08/2019,2887.25,2889.75,2899.5,2868.75,2040000.0,-0.0012,2911.75
05/07/2019,2890.75,2911.75,2930.5,2862.5,2810000.0,-0.014199999999999999,2917.75
05/06/2019,2932.5,2917.75,2938.25,2883.5,2040000.0,-0.0051,2918.5
05/03/2019,2947.5,2918.5,2949.5,2916.5,1300000.0,0.0103,2916.5
05/02/2019,2917.5,2916.5,2932.75,2901.0,1810000.0,-0.0019,2955.0
05/01/2019,2923.0,2955.0,2961.25,2916.0,1500000.0,-0.0086,2942.5
04/30/2019,2948.5,2942.5,2956.5,2926.0,1490000.0,0.0019,2939.25
04/29/2019,2943.0,2939.25,2951.5,2937.75,94485000.0,0.0005,2923.75
04/26/2019,2941.5,2923.75,2942.75,2917.25,1250000.0,0.0052,2930.0
04/25/2019,2926.25,2930.0,2935.75,2914.25,1380000.0,-0.0015,2937.25
04/24/2019,2930.75,2937.25,2939.75,2927.75,1130000.0,-0.0025,2911.75
04/23/2019,2938.0,2911.75,2939.75,2908.0,1190000.0,0.0088,2908.75
04/22/2019,2912.5,2908.75,2915.75,2899.0,70607000.0,0.0007000000000000001,2901.0
04/18/2019,2910.0,2901.0,2911.75,2889.5,1340000.0,0.0033,2910.25
04/17/2019,2900.5,2910.25,2923.5,2898.5,1380000.0,-0.0038,2910.25
04/16/2019,2911.5,2910.25,2921.25,2904.5,1120000.0,0.0007000000000000001,2912.0
04/15/2019,2909.5,2912.0,2914.5,2900.5,95566000.0,-0.001,2892.0
04/12/2019,2912.5,2892.0,2914.75,2890.75,1230000.0,0.0072,2894.75
04/11/2019,2891.75,2894.75,2900.0,2885.25,96865000.0,-0.001,2882.0
04/10/2019,2894.5,2882.0,2896.0,2878.0,97231000.0,0.0042,2898.5
04/09/2019,2882.5,2898.5,2900.0,2877.25,1180000.0,-0.0054,2896.25
04/08/2019,2898.25,2896.25,2899.75,2884.25,97891000.0,0.0008,2882.5
04/05/2019,2896.0,2882.5,2898.0,2880.5,1220000.0,0.0046,2880.75
04/04/2019,2882.75,2880.75,2885.75,2871.0,1050000.0,0.001,2866.0
04/03/2019,2879.75,2866.0,2889.25,2865.25,1240000.0,0.0044,2868.5
04/02/2019,2867.0,2868.5,2873.75,2862.25,85994000.0,-0.0012,2844.5
04/01/2019,2870.5,2844.5,2873.5,2844.5,1260000.0,0.0115,2820.5
03/29/2019,2837.75,2820.5,2840.75,2820.25,1490000.0,0.0059,2807.0
03/28/2019,2821.0,2807.0,2824.25,2795.0,1190000.0,0.0037,2823.5
03/27/2019,2810.5,2823.5,2831.75,2791.75,1730000.0,-0.0044,2808.5
03/26/2019,2823.0,2808.5,2835.0,2806.0,1460000.0,0.005699999999999999,2813.0
03/25/2019,2807.0,2813.0,2818.5,2789.5,1800000.0,-0.0013,2859.5
03/22/2019,2810.75,2859.5,2864.75,2805.25,2250000.0,-0.0181,2823.75
03/21/2019,2862.5,2823.75,2866.0,2813.75,1660000.0,0.0126,2837.25
03/20/2019,2827.0,2837.25,2849.25,2817.25,1690000.0,-0.0033,2841.5
03/19/2019,2836.5,2841.5,2858.75,2829.0,1500000.0,-0.0014000000000000002,2827.0
03/18/2019,2840.5,2827.0,2842.0,2824.0,1040000.0,0.0102,2808.0
03/15/2019,2811.89,2808.0,2821.5,2807.5,4298000.0,0.0017000000000000001,2816.0
03/14/2019,2807.25,2816.0,2820.0,2803.75,33052000.0,-0.0026,2792.25
03/13/2019,2814.5,2792.25,2821.25,2783.0,58301000.0,0.008100000000000001,2784.75
03/12/2019,2792.0,2784.75,2798.25,2780.5,95832000.0,0.0029,2745.5
03/11/2019,2784.0,2745.5,2787.5,2736.75,1300000.0,0.013500000000000002,2749.0
03/08/2019,2747.0,2749.0,2751.5,2722.0,1380000.0,-0.0011,2770.5
03/07/2019,2750.0,2770.5,2776.25,2738.5,1920000.0,-0.0078000000000000005,2786.5
03/06/2019,2771.5,2786.5,2792.75,2768.5,1510000.0,-0.0072,2790.5
03/05/2019,2791.5,2790.5,2799.0,2783.25,1200000.0,0.0,2814.0
03/04/2019,2791.5,2814.0,2819.75,2767.5,1790000.0,-0.0048,2785.25
03/01/2019,2805.0,2785.25,2808.25,2783.0,1270000.0,0.0073,2795.25
02/28/2019,2784.75,2795.25,2795.75,2781.75,1360000.0,-0.0037,2788.0
02/27/2019,2795.0,2788.0,2797.25,2775.0,1140000.0,0.0013,2795.75
02/26/2019,2791.5,2795.75,2803.5,2783.25,1200000.0,-0.002,2799.5
02/25/2019,2797.0,2799.5,2814.0,2794.5,1260000.0,0.0021,2773.5
02/22/2019,2791.25,2773.5,2795.5,2770.5,1190000.0,0.0060999999999999995,2787.0
02/21/2019,2774.25,2787.0,2798.0,2764.25,1430000.0,-0.0046,2777.75
02/20/2019,2787.0,2777.75,2790.75,2773.25,1280000.0,0.003,2777.0
02/19/2019,2778.75,2777.0,2787.5,2766.0,1200000.0,0.001,2741.25
02/15/2019,2777.0,2741.25,2778.5,2729.0,1520000.0,0.012199999999999999,2749.25
02/14/2019,2743.5,2749.25,2763.0,2730.25,1680000.0,-0.0022,2743.5
02/13/2019,2749.5,2743.5,2762.0,2742.75,1210000.0,0.0017000000000000001,2707.0
02/12/2019,2744.75,2707.0,2748.0,2705.5,1310000.0,0.013500000000000002,2710.75
02/11/2019,2708.25,2710.75,2721.5,2700.5,1110000.0,0.0007000000000000001,2702.0
02/08/2019,2706.25,2702.0,2709.0,2680.75,1580000.0,0.0008,2727.0
02/07/2019,2704.0,2727.0,2729.25,2685.5,1920000.0,-0.009300000000000001,2730.75
02/06/2019,2729.5,2730.75,2736.5,2722.25,1200000.0,-0.0005,2719.5
02/05/2019,2731.0,2719.5,2737.75,2716.25,1230000.0,0.0036,2699.25
02/04/2019,2721.25,2699.25,2725.0,2697.0,1020000.0,0.0063,2707.75
02/01/2019,2704.25,2707.75,2716.0,2695.5,1470000.0,-0.0001,2683.5
01/31/2019,2704.5,2683.5,2713.0,2675.75,1940000.0,0.008199999999999999,2648.5
01/30/2019,2682.5,2648.5,2689.75,2636.25,1560000.0,0.016,2640.25
01/29/2019,2640.25,2640.25,2650.0,2628.5,1260000.0,-0.0007000000000000001,2660.0
01/28/2019,2642.0,2660.0,2663.5,2622.25,1410000.0,-0.008100000000000001,2636.25
01/25/2019,2663.5,2636.25,2672.5,2634.5,1390000.0,0.011200000000000002,2635.0
01/24/2019,2634.0,2635.0,2647.5,2626.0,1270000.0,-0.0016,2630.75
01/23/2019,2638.25,2630.75,2653.75,2612.5,1580000.0,0.0024,2669.25
01/22/2019,2632.0,2669.25,2673.5,2616.5,1880000.0,-0.011699999999999999,2636.75
01/18/2019,2671.5,2636.75,2677.75,2632.75,1750000.0,0.0138,2614.5
01/17/2019,2635.25,2614.5,2645.5,2596.5,1510000.0,0.0084,2605.75
01/16/2019,2613.25,2605.75,2626.25,2602.5,1330000.0,0.003,2581.5
01/15/2019,2605.5,2581.5,2613.75,2580.0,1530000.0,0.0097,2588.5
01/14/2019,2580.5,2588.5,2592.0,2567.25,1200000.0,-0.005600000000000001,2594.0
01/11/2019,2595.0,2594.0,2597.75,2577.0,1210000.0,0.0004,2580.0
01/10/2019,2594.0,2580.0,2599.5,2560.5,1530000.0,0.0045000000000000005,2569.5
01/09/2019,2582.5,2569.5,2596.75,2568.5,1600000.0,0.0039000000000000003,2553.25
01/08/2019,2572.5,2553.25,2581.25,2547.5,1660000.0,0.0086,2537.25
01/07/2019,2550.5,2537.25,2567.5,2523.25,1630000.0,0.0076,2451.75
01/04/2019,2531.25,2451.75,2539.25,2438.5,2350000.0,0.0341,2482.25
01/03/2019,2447.75,2482.25,2493.5,2443.25,2260000.0,-0.0252,2508.0
01/02/2019,2511.0,2508.0,2521.25,2452.25,1970000.0,-0.0024,2495.5
12/31/2018,2505.25,2495.5,2513.0,2482.75,1410000.0,0.0077,2491.5
12/28/2018,2486.0,2491.5,2523.0,2472.75,2009999.9999999998,-0.0036,2470.25
12/27/2018,2495.0,2470.25,2498.75,2397.0,2280000.0,0.0097,2348.5
12/26/2018,2471.0,2348.5,2477.75,2316.75,2020000.0,0.0535,2407.75
12/24/2018,2341.75,2407.75,2434.5,2340.5,1290000.0,-0.047599999999999996,2487.0
12/21/2018,2458.9,2487.0,2491.25,2466.75,6570000.0,-0.0108,2503.5
12/20/2018,2485.75,2503.5,2517.5,2441.0,63021000.0,-0.006999999999999999,2530.5
12/19/2018,2503.25,2530.5,2593.25,2488.0,82382000.0,-0.0128,2553.75
12/18/2018,2535.75,2553.75,2574.75,2528.0,1220000.0,-0.0066,2594.0
12/17/2018,2552.5,2594.0,2613.75,2530.5,1600000.0,-0.019,2646.5
12/14/2018,2602.0,2646.5,2648.75,2594.0,1660000.0,-0.016399999999999998,2653.0
12/13/2018,2645.5,2653.0,2671.0,2637.25,2040000.0,-0.0026,2632.5
12/12/2018,2652.5,2632.5,2686.5,2631.75,1900000.0,0.0043,2644.0
12/11/2018,2641.25,2644.0,2678.0,2621.25,2270000.0,-0.0007000000000000001,2625.0
12/10/2018,2643.0,2625.0,2648.5,2583.0,2560000.0,0.0027,2694.25
12/07/2018,2636.0,2694.25,2709.75,2623.25,2600000.0,-0.0204,2713.25
12/06/2018,2691.0,2713.25,2714.0,2621.25,3310000.0,-0.004,2699.5
12/05/2018,2701.75,2699.5,2720.75,2698.0,18490000.0,0.0,2789.75
12/04/2018,2701.75,2789.75,2790.5,2696.0,2710000.0,-0.0319,2793.5
12/03/2018,2790.75,2793.5,2814.0,2773.5,1910000.0,0.0118,2742.0
11/30/2018,2758.25,2742.0,2764.75,2729.0,1480000.0,0.0051,2738.0
11/29/2018,2744.25,2738.0,2754.5,2723.25,1490000.0,0.001,2686.25
11/28/2018,2741.5,2686.25,2745.0,2681.0,1870000.0,0.0216,2661.0
11/27/2018,2683.5,2661.0,2686.75,2655.25,1500000.0,0.0051,2633.5
11/26/2018,2670.0,2633.5,2676.25,2631.5,1370000.0,0.0154,2650.0
11/23/2018,2629.5,2650.0,2656.25,2626.0,87286000.0,-0.0045000000000000005,2639.75
11/21/2018,2649.0,2639.75,2671.25,2632.25,1450000.0,0.0034000000000000002,2696.25
11/20/2018,2640.0,2696.25,2696.75,2631.75,2530000.0,-0.0209,2733.0
11/19/2018,2696.25,2733.0,2748.0,2681.5,1990000.0,-0.017,2731.75
11/16/2018,2743.0,2731.75,2748.75,2708.75,1880000.0,0.0031,2702.0
11/15/2018,2734.5,2702.0,2736.75,2671.25,2380000.0,0.013300000000000001,2731.25
11/14/2018,2698.5,2731.25,2748.25,2686.25,2300000.0,-0.0106,2732.0
11/13/2018,2727.5,2732.0,2755.75,2714.5,2100000.0,-0.0001,2778.75
11/12/2018,2727.75,2778.75,2795.25,2722.25,1920000.0,-0.0184,2804.0
11/09/2018,2779.0,2804.0,2811.25,2764.5,1720000.0,-0.0106,2815.75
11/08/2018,2808.75,2815.75,2818.0,2795.0,1320000.0,-0.0028000000000000004,2756.75
11/07/2018,2816.5,2756.75,2817.75,2744.75,1890000.0,0.0208,2739.0
11/06/2018,2759.0,2739.0,2761.0,2729.75,1270000.0,0.0070999999999999995,2722.5
11/05/2018,2739.5,2722.5,2743.75,2712.75,1310000.0,0.005600000000000001,2724.0
11/02/2018,2724.25,2724.0,2766.25,2699.5,2370000.0,-0.005,2706.0
11/01/2018,2738.0,2706.0,2741.25,2705.5,1820000.0,0.01,2690.75
10/31/2018,2711.0,2690.75,2737.25,2682.0,2470000.0,0.0096,2639.0
10/30/2018,2685.25,2639.0,2690.25,2633.25,2500000.0,0.0158,2667.0
10/29/2018,2643.5,2667.0,2707.0,2603.0,2790000.0,-0.0097,2678.0
10/26/2018,2669.5,2678.0,2692.75,2627.25,3510000.0,-0.006999999999999999,2673.75
10/25/2018,2688.25,2673.75,2723.75,2658.75,2540000.0,0.009000000000000001,2745.25
10/24/2018,2664.25,2745.25,2750.0,2652.25,2860000.0,-0.029900000000000003,2755.75
10/23/2018,2746.25,2755.75,2757.5,2692.25,2850000.0,-0.0037,2758.0
10/22/2018,2756.5,2758.0,2782.0,2749.75,1670000.0,-0.004,2774.75
10/19/2018,2767.5,2774.75,2800.5,2762.25,2020000.0,-0.0017000000000000001,2813.25
10/18/2018,2772.25,2813.25,2814.75,2756.5,2220000.0,-0.015600000000000001,2816.25
10/17/2018,2816.25,2816.25,2824.25,2783.25,1950000.0,-0.0005,2747.5
10/16/2018,2817.75,2747.5,2819.0,2745.5,1780000.0,0.025,2770.0
10/15/2018,2749.0,2770.0,2778.75,2745.25,1760000.0,-0.006999999999999999,2748.5
10/12/2018,2768.5,2748.5,2785.0,2732.25,2850000.0,0.0084,2776.5
10/11/2018,2745.5,2776.5,2798.75,2712.25,4010000.0,-0.0128,2886.75
10/10/2018,2781.0,2886.75,2891.25,2771.5,3460000.0,-0.0371,2892.25
10/09/2018,2888.25,2892.25,2900.0,2874.5,1770000.0,-0.0019,2897.5
10/08/2018,2893.75,2897.5,2898.25,2866.0,1760000.0,-0.0001,2910.0
10/05/2018,2894.0,2910.0,2915.5,2873.25,2290000.0,-0.004699999999999999,2926.0
10/04/2018,2907.75,2926.0,2926.25,2887.75,2170000.0,-0.008100000000000001,2929.0
10/03/2018,2931.5,2929.0,2944.75,2924.75,1240000.0,0.001,2929.25
10/02/2018,2928.5,2929.25,2936.0,2917.5,1130000.0,-0.0005,2922.5
10/01/2018,2930.0,2922.5,2942.0,2922.5,1240000.0,0.0038,2922.25
09/28/2018,2919.0,2922.25,2925.5,2908.0,1430000.0,-0.0003,2911.5
09/27/2018,2920.0,2911.5,2932.0,2907.5,1210000.0,0.0029,2922.5
09/26/2018,2911.5,2922.5,2936.0,2907.5,1310000.0,-0.0033,2926.5
09/25/2018,2921.25,2926.5,2934.25,2918.25,1030000.0,-0.0015,2929.5
09/24/2018,2925.5,2929.5,2930.25,2917.75,1160000.0,-0.0051,2934.75
09/21/2018,2940.45,2934.75,2944.0,2932.25,3847999.9999999995,0.0022,2911.25
09/20/2018,2934.0,2911.25,2935.75,2908.25,36070000.0,0.008199999999999999,2907.75
09/19/2018,2910.0,2907.75,2913.75,2900.75,56350000.0,0.0012,2890.5
09/18/2018,2906.5,2890.5,2912.5,2878.5,98683000.0,0.0054,2903.5
09/17/2018,2891.0,2903.5,2906.25,2887.25,1160000.0,-0.0052,2904.75
09/14/2018,2906.25,2904.75,2912.25,2896.75,1200000.0,0.0003,2887.0
09/13/2018,2905.25,2887.0,2907.0,2884.75,1640000.0,0.0058,2890.0
09/12/2018,2888.5,2890.0,2895.25,2879.5,1580000.0,-0.0004,2879.75
09/11/2018,2889.75,2879.75,2893.0,2867.25,1270000.0,0.0033,2873.75
09/10/2018,2880.25,2873.75,2888.25,2873.25,1250000.0,0.0019,2877.75
09/07/2018,2874.75,2877.75,2885.0,2865.0,1690000.0,-0.0015,2888.5
09/06/2018,2879.0,2888.5,2893.0,2868.0,1630000.0,-0.0032,2898.75
09/05/2018,2888.25,2898.75,2900.5,2877.5,1600000.0,-0.0034999999999999996,2906.5
09/04/2018,2898.25,2906.5,2912.5,2885.5,1610000.0,-0.0028000000000000004,2898.0
08/31/2018,2902.0,2898.0,2907.5,2891.75,1320000.0,0.0,2915.75
08/30/2018,2902.0,2915.75,2916.25,2895.5,1330000.0,-0.0044,2900.5
08/29/2018,2914.75,2900.5,2917.5,2897.5,1110000.0,0.0053,2899.0
08/28/2018,2899.25,2899.0,2906.25,2894.25,90271000.0,0.0003,2877.75
08/27/2018,2898.5,2877.75,2899.5,2876.75,96150000.0,0.0076,2858.25
08/24/2018,2876.75,2858.25,2877.5,2856.25,1060000.0,0.0066,2861.75
08/23/2018,2858.0,2861.75,2869.75,2854.75,1050000.0,-0.0011,2853.0
08/22/2018,2861.25,2853.0,2868.25,2846.25,99643000.0,-0.0002,2856.75
08/21/2018,2861.75,2856.75,2874.0,2852.0,1060000.0,0.0011,2851.75
08/20/2018,2858.5,2851.75,2860.75,2850.25,81738000.0,0.0022,2843.5
08/17/2018,2852.25,2843.5,2857.0,2835.0,1200000.0,0.0026,2822.25
08/16/2018,2844.75,2822.25,2851.75,2817.5,1270000.0,0.0083,2841.75
08/15/2018,2821.25,2841.75,2843.0,2803.0,1870000.0,-0.006999999999999999,2826.75
08/14/2018,2841.0,2826.75,2843.5,2825.75,1020000.0,0.0055000000000000005,2835.75
08/13/2018,2825.5,2835.75,2843.75,2820.0,1280000.0,-0.004,2852.5
08/10/2018,2836.75,2852.5,2852.75,2826.0,1420000.0,-0.006,2853.5
08/09/2018,2853.75,2853.5,2862.75,2850.5,69670000.0,-0.0005,2860.5
08/08/2018,2855.25,2860.5,2862.5,2852.5,74541000.0,-0.0016,2849.25
08/07/2018,2859.75,2849.25,2863.75,2848.25,78022000.0,0.0034000000000000002,2841.5
08/06/2018,2850.0,2841.5,2853.5,2835.0,79732000.0,0.0037,2830.75
08/03/2018,2839.5,2830.75,2841.5,2824.75,92224000.0,0.0039000000000000003,2814.0
08/02/2018,2828.5,2814.0,2831.25,2791.0,1240000.0,0.0063,2824.25
08/01/2018,2810.75,2824.25,2825.75,2805.5,1100000.0,-0.0022,2805.5
07/31/2018,2817.0,2805.5,2827.75,2802.75,1370000.0,0.0049,2816.0
07/30/2018,2803.25,2816.0,2821.75,2798.25,1170000.0,-0.0051,2840.25
07/27/2018,2817.5,2840.25,2847.0,2808.75,1490000.0,-0.0088,2835.25
07/26/2018,2842.5,2835.25,2846.5,2833.25,1040000.0,0.0004,2819.25
07/25/2018,2841.25,2819.25,2849.5,2814.0,1300000.0,0.0072,2810.5
07/24/2018,2821.0,2810.5,2831.25,2810.25,1350000.0,0.0032,2805.25
07/23/2018,2812.0,2805.25,2812.5,2792.5,81248000.0,0.004,2805.5
07/20/2018,2800.75,2805.5,2810.5,2793.0,1010000.0,-0.0016,2814.5
07/19/2018,2805.25,2814.5,2818.0,2800.25,1080000.0,-0.0038,2813.0
07/18/2018,2816.0,2813.0,2818.25,2806.75,86052000.0,0.0017000000000000001,2795.75
07/17/2018,2811.25,2795.75,2815.75,2789.75,1060000.0,0.0053,2804.75
07/16/2018,2796.5,2804.75,2809.0,2795.0,80161000.0,-0.0024,2798.5
07/13/2018,2803.25,2798.5,2807.25,2793.25,95231000.0,0.0017000000000000001,2776.75
07/12/2018,2798.5,2776.75,2801.0,2773.75,1120000.0,0.0088,2780.75
07/11/2018,2774.0,2780.75,2787.75,2765.75,1370000.0,-0.008100000000000001,2787.5
07/10/2018,2796.75,2787.5,2797.75,2780.5,92571000.0,0.0033,2762.0
07/09/2018,2787.5,2762.0,2788.0,2761.75,97034000.0,0.0089,2737.0
07/06/2018,2763.0,2737.0,2766.25,2731.25,1290000.0,0.0089,2713.0
07/05/2018,2738.5,2713.0,2739.75,2710.75,1170000.0,0.0069,2727.25
07/03/2018,2713.25,2727.25,2741.5,2712.0,86053000.0,-0.0051,2721.0
07/02/2018,2727.25,2721.0,2728.5,2698.5,1210000.0,0.0021,2720.0
06/29/2018,2721.5,2720.0,2745.5,2716.75,1640000.0,0.0007000000000000001,2705.0
06/28/2018,2719.5,2705.0,2726.25,2693.25,1680000.0,0.0054,2726.5
06/27/2018,2705.0,2726.5,2748.0,2701.0,2120000.0,-0.0086,2721.75
06/26/2018,2728.5,2721.75,2735.25,2714.75,1400000.0,0.0023,2757.0
06/25/2018,2722.25,2757.0,2758.0,2700.5,2210000.0,-0.013500000000000002,2750.5
06/22/2018,2759.5,2750.5,2768.5,2749.25,1110000.0,0.0025,2771.75
06/21/2018,2752.5,2771.75,2785.25,2747.0,1490000.0,-0.006999999999999999,2765.25
06/20/2018,2772.0,2765.25,2778.25,2757.25,1080000.0,0.0021,2778.25
06/19/2018,2766.25,2778.25,2780.25,2735.75,1660000.0,-0.0049,2780.0
06/18/2018,2779.75,2780.0,2786.75,2761.25,99312000.0,0.001,2782.5
06/15/2018,2776.85,2782.5,2784.0,2766.25,4530000.0,-0.0023,2773.25
06/14/2018,2783.25,2773.25,2789.25,2767.5,39811000.0,0.0032,2788.0
06/13/2018,2774.25,2788.0,2791.75,2773.75,61416999.99999999,-0.0034999999999999996,2781.25
06/12/2018,2784.0,2781.25,2789.75,2778.5,98875000.0,0.0004,2771.0
06/11/2018,2783.0,2771.0,2790.5,2770.5,1220000.0,0.0015,2771.0
06/08/2018,2778.75,2771.0,2779.75,2752.0,1370000.0,0.0023,2773.25
06/07/2018,2772.25,2773.25,2779.75,2760.0,1770000.0,0.0,2751.0
06/06/2018,2772.25,2751.0,2774.75,2748.0,1330000.0,0.0075,2746.0
06/05/2018,2751.5,2746.0,2753.25,2739.0,1030000.0,0.0022,2731.0
06/04/2018,2745.5,2731.0,2749.25,2729.0,85785000.0,0.0043,2707.5
06/01/2018,2733.75,2707.5,2737.0,2706.0,1240000.0,0.0104,2720.25
05/31/2018,2705.5,2720.25,2728.25,2699.75,1670000.0,-0.006999999999999999,2693.25
05/30/2018,2724.5,2693.25,2729.25,2685.75,1420000.0,0.012,2729.0
05/29/2018,2692.25,2729.0,2731.75,2675.0,1990000.0,-0.0109,2726.75
05/25/2018,2718.25,2726.75,2737.75,2713.75,99378000.0,-0.0034000000000000002,2729.75
05/24/2018,2727.5,2729.75,2733.25,2705.75,1280000.0,-0.0012,2724.5
05/23/2018,2730.75,2724.5,2733.0,2704.5,1300000.0,0.0017000000000000001,2731.25
05/22/2018,2726.0,2731.25,2741.75,2721.5,89151000.0,-0.0026,2728.75
05/21/2018,2733.0,2728.75,2739.25,2724.25,95191000.0,0.0074,2718.75
05/18/2018,2713.0,2718.75,2727.0,2708.75,1010000.0,-0.0021,2721.75
05/17/2018,2718.75,2721.75,2732.0,2711.0,1070000.0,-0.0016,2711.25
05/16/2018,2723.0,2711.25,2728.0,2704.5,1060000.0,0.0052,2728.5
05/15/2018,2709.0,2728.5,2731.25,2700.5,1520000.0,-0.008100000000000001,2727.25
05/14/2018,2731.0,2727.25,2741.25,2724.25,94596000.0,0.0005,2716.25
05/11/2018,2729.5,2716.25,2732.5,2716.25,1070000.0,0.004,2696.0
05/10/2018,2718.75,2696.0,2725.0,2692.75,1170000.0,0.0084,2669.75
05/09/2018,2696.0,2669.75,2700.0,2666.5,1250000.0,0.0096,2668.0
05/08/2018,2670.25,2668.0,2674.25,2652.25,1280000.0,0.0001,2662.75
05/07/2018,2670.0,2662.75,2681.5,2661.25,1150000.0,0.0026,2631.75
05/04/2018,2663.0,2631.75,2669.5,2612.25,1700000.0,0.011899999999999999,2626.75
05/03/2018,2631.75,2626.75,2636.25,2591.25,2150000.0,0.0016,2655.5
05/02/2018,2627.5,2655.5,2658.5,2624.25,1430000.0,-0.009300000000000001,2646.25
05/01/2018,2652.25,2646.25,2658.0,2623.25,1320000.0,0.002,2670.5
04/30/2018,2647.0,2670.5,2682.25,2645.0,1340000.0,-0.0092,2675.5
04/27/2018,2671.5,2675.5,2676.25,2657.75,1140000.0,-0.0011,2648.25
04/26/2018,2674.5,2648.25,2677.5,2639.5,1280000.0,0.0113,2635.25
04/25/2018,2644.5,2635.25,2648.25,2611.25,1900000.0,0.0034999999999999996,2672.0
04/24/2018,2635.25,2672.0,2688.5,2616.0,2330000.0,-0.013500000000000002,2683.0
04/23/2018,2671.25,2683.0,2684.75,2657.25,1240000.0,-0.0001,2692.5
04/20/2018,2671.5,2692.5,2698.25,2659.75,1600000.0,-0.008,2711.75
04/19/2018,2693.0,2711.75,2713.25,2681.5,1580000.0,-0.0062,2704.5
04/18/2018,2709.75,2704.5,2718.5,2703.75,1040000.0,0.0012,2679.25
04/17/2018,2706.5,2679.25,2713.75,2678.75,1250000.0,0.0092,2673.25
04/16/2018,2681.75,2673.25,2687.0,2660.75,1240000.0,0.0092,2661.75
04/13/2018,2657.25,2661.75,2680.5,2644.75,1710000.0,-0.0025,2642.5
04/12/2018,2664.0,2642.5,2675.0,2639.75,1300000.0,0.0087,2654.5
04/11/2018,2641.0,2654.5,2661.25,2626.0,1640000.0,-0.0053,2617.75
04/10/2018,2655.0,2617.75,2666.25,2612.25,2000000.0,0.0137,2607.5
04/09/2018,2619.0,2607.5,2653.75,2607.5,1760000.0,0.0051,2663.0
04/06/2018,2605.75,2663.0,2664.0,2584.5,2620000.0,-0.021,2645.75
04/05/2018,2661.75,2645.75,2672.25,2644.0,1640000.0,0.005600000000000001,2612.0
04/04/2018,2647.0,2612.0,2649.75,2559.5,2250000.0,0.0129,2581.25
04/03/2018,2613.25,2581.25,2618.75,2573.5,2220000.0,0.0149,2635.0
04/02/2018,2575.0,2635.0,2641.5,2552.0,2400000.0,-0.025699999999999997,2609.75
03/29/2018,2643.0,2609.75,2659.5,2601.0,2040000.0,0.013600000000000001,2612.75
03/28/2018,2607.5,2612.75,2633.75,2593.0,2800000.0,-0.0032,2659.5
03/27/2018,2615.75,2659.5,2679.75,2596.0,2450000.0,-0.0165,2595.0
03/26/2018,2659.5,2595.0,2662.75,2591.0,2300000.0,0.023799999999999998,2645.75
03/23/2018,2597.75,2645.75,2658.75,2586.0,2880000.0,-0.0172,2718.25
03/22/2018,2643.25,2718.25,2726.25,2641.75,2550000.0,-0.0276,2723.25
03/21/2018,2718.25,2723.25,2744.0,2712.5,1420000.0,-0.0019,2721.5
03/20/2018,2723.5,2721.5,2729.0,2712.75,1100000.0,0.0003,2756.25
03/19/2018,2722.75,2756.25,2756.5,2697.25,1990000.0,-0.0106,2753.75
03/16/2018,2751.83,2753.75,2757.0,2747.0,4676000.0,0.0001,2750.75
03/15/2018,2751.5,2750.75,2763.5,2741.0,35857000.0,0.0006,2763.0
03/14/2018,2749.75,2763.0,2779.5,2744.25,76690000.0,-0.0068000000000000005,2782.25
03/13/2018,2768.5,2782.25,2802.5,2758.5,1230000.0,-0.005600000000000001,2784.0
03/12/2018,2784.0,2784.0,2800.5,2779.0,1230000.0,0.0,2736.5
03/09/2018,2784.0,2736.5,2787.0,2730.0,1540000.0,0.0163,2722.5
03/08/2018,2739.25,2722.5,2740.5,2720.0,1500000.0,0.0059,2700.0
03/07/2018,2723.25,2700.0,2730.25,2681.25,1870000.0,-0.0003,2719.0
03/06/2018,2724.0,2719.0,2734.5,2710.25,1450000.0,0.002,2683.25
03/05/2018,2718.5,2683.25,2727.75,2663.75,1780000.0,0.0105,2678.75
03/02/2018,2690.25,2678.75,2696.0,2647.0,2170000.0,0.0045000000000000005,2718.25
03/01/2018,2678.25,2718.25,2731.0,2658.5,2820000.0,-0.0134,2746.5
02/28/2018,2714.5,2746.5,2762.0,2712.0,1880000.0,-0.012,2783.5
02/27/2018,2747.5,2783.5,2789.75,2742.0,1720000.0,-0.013300000000000001,2751.5
02/26/2018,2784.5,2751.5,2786.0,2742.5,1260000.0,0.013000000000000001,2712.75
02/23/2018,2748.75,2712.75,2750.25,2710.0,1290000.0,0.0137,2698.5
02/22/2018,2711.5,2698.5,2731.0,2682.0,1620000.0,0.004699999999999999,2714.5
02/21/2018,2698.75,2714.5,2747.75,2693.5,1660000.0,-0.005600000000000001,2734.5
02/20/2018,2714.0,2734.5,2747.75,2705.75,1450000.0,-0.0060999999999999995,2734.0
02/16/2018,2735.0,2734.0,2754.75,2722.25,1740000.0,0.0004,2695.5
02/15/2018,2734.0,2695.5,2736.75,2688.5,1670000.0,0.0137,2662.5
02/14/2018,2697.0,2662.5,2701.75,2627.0,2089999.9999999998,0.0132,2653.25
02/13/2018,2661.75,2653.25,2667.5,2634.25,1460000.0,0.0024,2628.25
02/12/2018,2655.25,2628.25,2671.5,2620.0,2170000.0,0.0138,2593.75
02/09/2018,2619.0,2593.75,2637.75,2530.25,3910000.0,0.0098,2664.75
02/08/2018,2593.5,2664.75,2686.5,2577.0,3120000.0,-0.027999999999999997,2685.5
02/07/2018,2668.25,2685.5,2726.75,2660.5,2490000.0,-0.0097,2624.0
02/06/2018,2694.25,2624.0,2699.75,2529.0,4810000.0,0.0332,2757.0
02/05/2018,2607.75,2757.0,2763.0,2595.75,4010000.0,-0.054000000000000006,2826.5
02/02/2018,2756.75,2826.5,2831.0,2755.25,2530000.0,-0.0233,2828.75
02/01/2018,2822.5,2828.75,2837.25,2809.5,1650000.0,-0.0012,2823.25
01/31/2018,2825.75,2823.25,2839.75,2813.0,1840000.0,0.0004,2853.25
01/30/2018,2824.5,2853.25,2858.0,2818.5,2130000.0,-0.0102,2874.25
01/29/2018,2853.5,2874.25,2878.5,2851.5,1400000.0,-0.0073,2842.25
01/26/2018,2874.5,2842.25,2876.0,2841.25,1290000.0,0.011699999999999999,2840.0
01/25/2018,2841.25,2840.0,2853.75,2830.75,1440000.0,0.0001,2837.0
01/24/2018,2841.0,2837.0,2855.25,2825.5,1890000.0,0.0005,2835.25
01/23/2018,2839.5,2835.25,2844.75,2828.75,1280000.0,0.0015,2804.0
01/22/2018,2835.25,2804.0,2838.25,2802.0,1180000.0,0.0086,2797.0
01/19/2018,2811.0,2797.0,2815.0,2791.75,1360000.0,0.0053,2803.25
01/18/2018,2796.25,2803.25,2808.0,2793.75,1350000.0,-0.0027,2782.75
01/17/2018,2803.75,2782.75,2809.5,2779.0,1540000.0,0.0076,2789.75
01/16/2018,2782.5,2789.75,2808.5,2769.25,1980000.0,-0.004,2768.75
01/12/2018,2788.75,2768.75,2790.0,2766.75,1360000.0,0.006999999999999999,2750.0
01/11/2018,2769.5,2750.0,2770.5,2747.75,1050000.0,0.0069,2749.75
01/10/2018,2750.5,2749.75,2752.0,2736.5,1290000.0,-0.0006,2746.5
01/09/2018,2752.25,2746.5,2760.0,2742.75,1140000.0,0.002,2741.75
01/08/2018,2746.75,2741.75,2748.5,2736.5,90354000.0,0.0015,2725.0
01/05/2018,2742.5,2725.0,2743.25,2723.75,1140000.0,0.0069,2710.25
01/04/2018,2723.75,2710.25,2729.0,2708.5,1170000.0,0.004699999999999999,2693.75
01/03/2018,2711.0,2693.75,2714.25,2692.25,1110000.0,0.0067,2675.25
